start,1524486256748,map_ui,zsoftco ztrack 0.42
point,1524486251999,48.280160,16.409048,226.779529,8.000000,0.000000,0.000000
point,1524486256999,48.280162,16.409034,225.391359,8.000000,0.000000,0.000000
point,1524486260999,48.280164,16.409017,224.323727,8.000000,0.000000,0.000000
point,1524486263999,48.280174,16.409015,223.708916,6.000000,0.000000,0.000000
point,1524486267999,48.280181,16.409003,222.749476,8.000000,0.000000,0.000000
point,1524486278999,48.280160,16.409017,219.435685,8.000000,0.000000,0.000000
point,1524486279999,48.280179,16.409019,219.245381,6.000000,0.000000,0.000000
point,1524486280999,48.280209,16.409007,219.771059,8.000000,0.000000,0.000000
point,1524486281999,48.280252,16.408996,218.002686,8.000000,0.000000,0.000000
point,1524486282999,48.280303,16.409021,217.413502,8.000000,0.000000,0.000000
point,1524486283999,48.280362,16.409030,217.671029,8.000000,0.000000,0.000000
point,1524486284999,48.280444,16.409038,217.226646,8.000000,0.000000,0.000000
point,1524486285999,48.280545,16.409078,216.067918,8.000000,8.454994,9.784370
point,1524486286999,48.280632,16.409099,215.977304,8.000000,8.682740,9.814240
point,1524486287999,48.280716,16.409120,215.741879,8.000000,8.861399,3.380528
point,1524486288999,48.280803,16.409127,215.287315,8.000000,8.863867,1.041066
point,1524486289999,48.280888,16.409131,214.926050,8.000000,8.820489,357.297546
point,1524486290999,48.280972,16.409125,214.941279,8.000000,8.807600,353.591003
point,1524486291999,48.281058,16.409120,214.524021,8.000000,8.427007,348.597198
point,1524486292999,48.281134,16.409104,214.852232,8.000000,8.029258,350.530365
point,1524486293999,48.281199,16.409084,215.436384,8.000000,7.390317,352.951233
point,1524486294999,48.281244,16.409070,215.823732,8.000000,5.679138,349.781860
point,1524486295999,48.281264,16.409055,215.162117,8.000000,3.843985,345.199158
point,1524486296999,48.281280,16.409043,215.717619,6.000000,3.047310,342.258118
point,1524486297999,48.281294,16.409033,216.440341,6.000000,2.607150,336.528076
point,1524486298999,48.281314,16.409012,216.591544,6.000000,2.613443,307.876129
point,1524486299999,48.281329,16.408964,215.744259,6.000000,3.333530,266.419495
point,1524486300999,48.281324,16.408891,214.769405,6.000000,4.465820,257.673584
point,1524486301999,48.281311,16.408809,215.268420,6.000000,5.449091,256.317200
point,1524486302999,48.281296,16.408710,215.193916,6.000000,6.895926,258.091339
point,1524486303999,48.281282,16.408595,214.854736,6.000000,7.903611,258.344330
point,1524486304999,48.281269,16.408468,214.881477,6.000000,8.847212,260.650055
point,1524486305999,48.281256,16.408328,214.638329,6.000000,9.715448,262.301727
point,1524486306999,48.281246,16.408185,214.921897,6.000000,10.159928,262.559296
point,1524486307999,48.281232,16.408046,214.694789,6.000000,10.126158,262.504211
point,1524486308999,48.281213,16.407910,213.683167,6.000000,9.735347,256.832245
point,1524486309999,48.281184,16.407791,212.473275,6.000000,9.169412,245.561661
point,1524486310999,48.281137,16.407680,212.259157,6.000000,9.191792,231.980515
point,1524486311999,48.281073,16.407577,211.318360,6.000000,9.179667,231.262726
point,1524486312999,48.281026,16.407486,211.678455,6.000000,8.556086,233.949585
point,1524486313999,48.280991,16.407408,210.935678,6.000000,7.168284,228.943909
point,1524486314999,48.280952,16.407361,209.654176,6.000000,6.070265,189.756729
point,1524486315999,48.280897,16.407354,209.028035,6.000000,6.378816,171.603409
point,1524486316999,48.280823,16.407376,209.596321,6.000000,7.419700,172.445999
point,1524486317999,48.280740,16.407395,209.379507,6.000000,8.402240,174.481689
point,1524486318999,48.280654,16.407413,209.637684,6.000000,9.014358,174.688446
point,1524486319999,48.280567,16.407429,209.838390,6.000000,9.486691,173.683746
point,1524486320999,48.280477,16.407452,209.544246,6.000000,9.604605,173.870743
point,1524486321999,48.280383,16.407456,209.476303,6.000000,9.782993,174.650497
point,1524486322999,48.280290,16.407456,209.508368,6.000000,9.913853,174.868332
point,1524486323999,48.280195,16.407461,209.897325,6.000000,10.332491,175.843735
point,1524486324999,48.280100,16.407473,210.009279,8.000000,10.221514,177.403976
point,1524486325999,48.280006,16.407463,210.142246,8.000000,10.217709,177.315399
point,1524486326999,48.279915,16.407459,210.760566,8.000000,9.826920,177.471680
point,1524486327999,48.279832,16.407445,210.982966,8.000000,8.836124,178.632690
point,1524486328999,48.279770,16.407439,211.904492,6.000000,7.013587,178.373932
point,1524486329999,48.279728,16.407432,212.835638,6.000000,5.434576,182.000473
point,1524486330999,48.279692,16.407414,212.036988,6.000000,4.705598,182.876205
point,1524486331999,48.279651,16.407406,211.492142,6.000000,4.788480,179.738815
point,1524486332999,48.279606,16.407402,210.785660,6.000000,4.799203,180.555710
point,1524486333999,48.279558,16.407401,210.442707,6.000000,5.193420,182.324310
point,1524486334999,48.279500,16.407393,210.148513,6.000000,6.182892,186.737381
point,1524486335999,48.279430,16.407372,209.353937,6.000000,7.196545,190.074112
point,1524486336999,48.279353,16.407348,208.762891,6.000000,7.965663,190.696213
point,1524486337999,48.279277,16.407328,208.851996,6.000000,8.011339,190.495392
point,1524486338999,48.279204,16.407310,208.973697,6.000000,8.066380,190.225571
point,1524486339999,48.279131,16.407279,208.745168,6.000000,8.208539,190.380035
point,1524486340999,48.279054,16.407259,207.607029,6.000000,8.555627,188.909393
point,1524486341999,48.278974,16.407242,207.081448,6.000000,8.722003,188.654114
point,1524486342999,48.278889,16.407218,208.404692,6.000000,9.159583,191.954254
point,1524486343999,48.278803,16.407203,207.240529,6.000000,9.453305,194.331635
point,1524486344999,48.278717,16.407172,206.395398,6.000000,9.571082,193.949188
point,1524486345999,48.278632,16.407141,205.910826,6.000000,9.438989,196.440887
point,1524486346999,48.278551,16.407104,205.838124,6.000000,9.359724,200.911499
point,1524486347999,48.278480,16.407062,205.511831,6.000000,8.433350,202.937180
point,1524486348999,48.278428,16.407031,205.214476,6.000000,6.808801,203.001266
point,1524486349999,48.278403,16.407017,205.893443,6.000000,4.339413,205.675812
point,1524486350999,48.278390,16.407012,205.244189,6.000000,2.974577,201.879486
point,1524486351999,48.278375,16.407007,205.441927,6.000000,2.419043,195.882874
point,1524486352999,48.278351,16.406995,204.747522,6.000000,3.080932,199.910614
point,1524486353999,48.278312,16.406966,204.571450,6.000000,4.637467,203.280487
point,1524486354999,48.278259,16.406929,203.591575,6.000000,5.708591,203.939499
point,1524486355999,48.278200,16.406887,202.985141,6.000000,6.779103,202.786850
point,1524486356999,48.278130,16.406836,202.548751,6.000000,7.834189,200.365219
point,1524486357999,48.278052,16.406785,202.268831,6.000000,8.825276,202.026398
point,1524486358999,48.277968,16.406725,203.446954,6.000000,9.533661,203.821747
point,1524486359999,48.277883,16.406667,204.272982,6.000000,9.797529,203.406921
point,1524486360999,48.277801,16.406606,203.693494,6.000000,9.640197,199.922150
point,1524486361999,48.277722,16.406560,203.397885,6.000000,9.370408,199.148499
point,1524486362999,48.277645,16.406514,203.284829,6.000000,9.066425,198.920090
point,1524486363999,48.277566,16.406471,203.444929,6.000000,9.062057,196.050491
point,1524486364999,48.277483,16.406440,202.867874,6.000000,8.891291,193.495056
point,1524486365999,48.277412,16.406427,202.610086,6.000000,7.815808,193.511719
point,1524486366999,48.277358,16.406421,202.482473,6.000000,6.320522,193.578430
point,1524486367999,48.277326,16.406417,202.427587,6.000000,4.495731,194.383087
point,1524486368999,48.277303,16.406413,202.287861,6.000000,3.573115,194.009140
point,1524486369999,48.277278,16.406402,201.100661,6.000000,3.150756,192.542725
point,1524486370999,48.277255,16.406398,201.208180,6.000000,2.641326,192.074158
point,1524486371999,48.277240,16.406401,201.049293,6.000000,1.963752,185.465469
point,1524486372999,48.277225,16.406404,201.188537,4.000000,2.027753,166.336929
point,1524486373999,48.277199,16.406419,201.057346,4.000000,3.187745,131.720444
point,1524486374999,48.277169,16.406465,200.809273,4.000000,4.315229,122.179337
point,1524486375999,48.277140,16.406534,200.992435,4.000000,5.636916,108.191956
point,1524486376999,48.277119,16.406634,200.369064,6.000000,7.091144,102.574791
point,1524486377999,48.277099,16.406751,199.442606,6.000000,8.230762,105.606506
point,1524486378999,48.277072,16.406885,199.069336,6.000000,9.524462,114.621559
point,1524486379999,48.277032,16.407021,198.971479,6.000000,10.161057,114.533516
point,1524486380999,48.276993,16.407161,198.861105,6.000000,10.830790,114.404114
point,1524486381999,48.276950,16.407310,198.538219,6.000000,11.552416,114.277634
point,1524486382999,48.276905,16.407461,198.191875,6.000000,11.800120,114.344788
point,1524486383999,48.276861,16.407606,198.762502,6.000000,11.509848,117.090546
point,1524486384999,48.276810,16.407736,199.728872,6.000000,11.122397,119.873535
point,1524486385999,48.276757,16.407847,199.735624,6.000000,10.232570,116.927986
point,1524486386999,48.276719,16.407947,199.931656,6.000000,9.030309,119.813660
point,1524486387999,48.276680,16.408027,198.463844,6.000000,8.080455,137.971924
point,1524486388999,48.276648,16.408068,199.200728,6.000000,5.585854,139.972595
point,1524486389999,48.276634,16.408079,198.940194,6.000000,3.444506,151.684418
point,1524486419999,48.276620,16.408104,210.984968,6.000000,1.188391,126.531113
point,1524486420999,48.276605,16.408137,212.410522,6.000000,2.572060,102.937012
point,1524486421999,48.276597,16.408189,212.222666,6.000000,3.313980,112.807961
point,1524486422999,48.276579,16.408239,212.482896,6.000000,3.880797,116.077286
point,1524486423999,48.276559,16.408295,212.953756,6.000000,4.441480,115.614479
point,1524486424999,48.276535,16.408351,213.117015,6.000000,4.610923,119.589401
point,1524486425999,48.276511,16.408400,213.312219,6.000000,4.383080,139.659332
point,1524486426999,48.276479,16.408438,214.043256,6.000000,4.677396,182.275360
point,1524486427999,48.276426,16.408429,212.962849,6.000000,5.242588,190.528275
point,1524486428999,48.276371,16.408413,213.249432,6.000000,6.164174,194.965958
point,1524486429999,48.276305,16.408385,213.074634,6.000000,7.316031,198.541885
point,1524486430999,48.276219,16.408338,213.048295,6.000000,8.924310,198.657578
point,1524486431999,48.276124,16.408284,212.602519,6.000000,10.053741,200.721649
point,1524486432999,48.276023,16.408223,214.412634,6.000000,11.036345,201.410065
point,1524486433999,48.275914,16.408155,213.983154,6.000000,11.819809,201.276138
point,1524486434999,48.275801,16.408086,213.124564,6.000000,12.400207,200.454834
point,1524486435999,48.275688,16.408021,213.025108,6.000000,12.431659,200.225418
point,1524486436999,48.275579,16.407968,212.809258,6.000000,12.433366,199.111893
point,1524486437999,48.275470,16.407919,213.333570,6.000000,12.538945,198.946136
point,1524486438999,48.275361,16.407870,213.567314,6.000000,12.466977,199.196762
point,1524486439999,48.275255,16.407820,213.539169,6.000000,12.311696,199.442215
point,1524486440999,48.275149,16.407770,213.406896,6.000000,12.338302,199.240417
point,1524486441999,48.275039,16.407717,212.445689,6.000000,12.612576,199.041306
point,1524486442999,48.274926,16.407666,212.405847,6.000000,12.892922,198.954041
point,1524486443999,48.274813,16.407607,212.316192,6.000000,13.140400,199.046616
point,1524486444999,48.274697,16.407547,211.846137,6.000000,13.206879,199.200516
point,1524486445999,48.274582,16.407492,212.111914,6.000000,13.291026,199.139969
point,1524486446999,48.274468,16.407433,212.182155,6.000000,13.266053,199.212662
point,1524486447999,48.274352,16.407377,211.785503,6.000000,13.288328,199.314331
point,1524486448999,48.274233,16.407320,211.674792,6.000000,13.490913,199.477798
point,1524486449999,48.274114,16.407260,211.526986,6.000000,13.618899,199.575089
point,1524486450999,48.273996,16.407198,211.087181,6.000000,13.645945,199.903427
point,1524486451999,48.273876,16.407136,210.839935,6.000000,13.801643,200.263733
point,1524486452999,48.273757,16.407073,210.360262,6.000000,13.688983,200.097214
point,1524486453999,48.273641,16.407013,210.066503,6.000000,13.522249,199.988602
point,1524486454999,48.273526,16.406957,209.698855,6.000000,13.390476,198.144058
point,1524486455999,48.273418,16.406903,209.807027,6.000000,12.656407,199.314148
point,1524486456999,48.273329,16.406857,210.006649,6.000000,10.973719,199.809402
point,1524486457999,48.273263,16.406820,209.897402,6.000000,8.905015,200.650803
point,1524486458999,48.273212,16.406791,210.110069,6.000000,7.342101,201.344284
point,1524486459999,48.273174,16.406772,210.429612,6.000000,5.613207,201.495041
point,1524486460999,48.273152,16.406760,209.797504,6.000000,3.827068,202.092407
point,1524486505999,48.273140,16.406755,210.372643,6.000000,0.291241,200.623032
point,1524486506999,48.273119,16.406740,211.309420,6.000000,2.615716,197.674255
point,1524486507999,48.273077,16.406719,211.991343,6.000000,4.079012,201.830566
point,1524486508999,48.273030,16.406687,212.471592,6.000000,5.195282,203.671967
point,1524486509999,48.272974,16.406645,212.129664,6.000000,6.478546,203.651581
point,1524486510999,48.272903,16.406598,212.541110,6.000000,8.229401,202.306931
point,1524486511999,48.272823,16.406550,213.012730,6.000000,8.958751,202.254776
point,1524486512999,48.272740,16.406498,213.157133,6.000000,9.869726,202.825424
point,1524486513999,48.272651,16.406437,213.225600,6.000000,10.557309,203.131042
point,1524486514999,48.272557,16.406376,213.072581,6.000000,11.165413,201.905090
point,1524486515999,48.272455,16.406316,214.559017,6.000000,12.104961,201.011673
point,1524486516999,48.272346,16.406252,213.854537,6.000000,12.739823,200.979828
point,1524486517999,48.272233,16.406192,213.347400,6.000000,12.936257,201.824371
point,1524486518999,48.272122,16.406123,212.190353,6.000000,12.973482,203.900909
point,1524486519999,48.272016,16.406051,211.243984,6.000000,12.844406,208.203430
point,1524486520999,48.271918,16.405972,211.156572,6.000000,12.533117,207.030563
point,1524486521999,48.271823,16.405902,210.714150,6.000000,11.879836,203.986755
point,1524486522999,48.271743,16.405851,210.301632,6.000000,10.192501,205.203857
point,1524486523999,48.271685,16.405808,209.860063,6.000000,8.439937,230.759003
point,1524486524999,48.271653,16.405744,210.345118,6.000000,7.437019,258.656738
point,1524486525999,48.271643,16.405651,210.441508,6.000000,7.623035,284.525787
point,1524486526999,48.271666,16.405535,211.351591,6.000000,8.545420,290.139130
point,1524486527999,48.271704,16.405394,213.288018,6.000000,10.223652,291.945313
point,1524486528999,48.271746,16.405245,213.895102,6.000000,10.957004,291.802460
point,1524486529999,48.271788,16.405095,214.015135,6.000000,11.665997,291.826019
point,1524486530999,48.271835,16.404926,215.132722,6.000000,12.749782,291.829224
point,1524486531999,48.271885,16.404740,215.548724,6.000000,13.398366,291.742889
point,1524486532999,48.271936,16.404557,216.042743,6.000000,13.735144,291.656067
point,1524486533999,48.271985,16.404378,215.668452,6.000000,13.730441,291.153595
point,1524486534999,48.272032,16.404203,215.794395,6.000000,13.613997,290.602417
point,1524486535999,48.272077,16.404025,215.675598,6.000000,13.651457,290.457550
point,1524486536999,48.272120,16.403850,215.604682,6.000000,13.649722,290.769043
point,1524486537999,48.272165,16.403674,214.909140,6.000000,13.544021,290.978180
point,1524486538999,48.272208,16.403502,214.722278,6.000000,13.449100,291.004761
point,1524486539999,48.272251,16.403332,214.389373,6.000000,13.301195,291.196350
point,1524486540999,48.272294,16.403166,214.242293,6.000000,13.201476,291.562317
point,1524486541999,48.272337,16.403000,213.913498,6.000000,13.220341,291.571655
point,1524486542999,48.272381,16.402831,214.114615,6.000000,13.423731,291.754517
point,1524486543999,48.272426,16.402660,214.126591,6.000000,13.442695,290.756226
point,1524486544999,48.272469,16.402487,213.981297,6.000000,13.575059,290.518677
point,1524486545999,48.272513,16.402311,213.624599,6.000000,13.719371,290.254120
point,1524486546999,48.272556,16.402132,213.583226,6.000000,13.977317,289.966705
point,1524486547999,48.272600,16.401950,213.472880,6.000000,14.128084,289.894196
point,1524486548999,48.272648,16.401767,214.236045,6.000000,14.382233,289.945465
point,1524486549999,48.272699,16.401584,214.415511,6.000000,14.515637,290.247040
point,1524486550999,48.272747,16.401399,214.711093,6.000000,14.592425,289.925720
point,1524486551999,48.272794,16.401214,214.756539,6.000000,14.529899,289.639923
point,1524486552999,48.272840,16.401034,214.749375,6.000000,14.285207,289.601105
point,1524486553999,48.272883,16.400857,214.810562,6.000000,14.068377,289.656433
point,1524486554999,48.272926,16.400684,214.651407,6.000000,13.735891,289.703552
point,1524486555999,48.272967,16.400515,214.511674,6.000000,13.437945,289.490784
point,1524486556999,48.273003,16.400348,214.524323,6.000000,13.206958,288.132935
point,1524486557999,48.273037,16.400181,214.769878,6.000000,13.052591,279.536041
point,1524486558999,48.273056,16.400004,215.725271,6.000000,13.174116,268.617615
point,1524486559999,48.273050,16.399823,215.782744,6.000000,13.200280,262.447845
point,1524486560999,48.273032,16.399647,216.127482,6.000000,13.160726,248.535339
point,1524486561999,48.272985,16.399481,215.235824,6.000000,13.414900,232.982147
point,1524486562999,48.272905,16.399333,214.613499,6.000000,13.863736,220.807022
point,1524486563999,48.272797,16.399205,214.039171,6.000000,14.454147,209.613144
point,1524486564999,48.272666,16.399098,213.084047,6.000000,15.223175,204.345108
point,1524486565999,48.272523,16.399005,212.575049,6.000000,16.080048,202.633713
point,1524486566999,48.272373,16.398918,211.700040,6.000000,16.701979,201.346222
point,1524486567999,48.272226,16.398840,211.269277,8.000000,16.823074,200.642059
point,1524486568999,48.272071,16.398789,210.719303,8.000000,16.873726,200.519287
point,1524486569999,48.271907,16.398749,210.122109,8.000000,17.161377,199.723267
point,1524486570999,48.271734,16.398689,210.574523,8.000000,18.159864,197.932526
point,1524486571999,48.271551,16.398635,210.608621,12.000000,19.130898,197.702637
point,1524486572999,48.271341,16.398559,209.247562,12.000000,19.683016,197.909164
point,1524486573999,48.271143,16.398494,208.916462,12.000000,19.425060,195.926132
point,1524486574999,48.270950,16.398443,207.998420,12.000000,19.259111,195.484116
point,1524486575999,48.270767,16.398383,207.930668,12.000000,19.592108,195.467560
point,1524486576999,48.270596,16.398345,207.527960,12.000000,19.568291,195.106583
point,1524486577999,48.270424,16.398297,207.301041,8.000000,19.735283,195.148163
point,1524486578999,48.270247,16.398233,207.234690,8.000000,20.069996,195.483582
point,1524486579999,48.270072,16.398169,207.058049,8.000000,20.175804,195.618805
point,1524486580999,48.269894,16.398103,207.411024,8.000000,20.148390,195.184067
point,1524486581999,48.269717,16.398042,207.650841,8.000000,20.235628,195.220642
point,1524486582999,48.269537,16.397970,208.014236,8.000000,20.647415,195.249420
point,1524486583999,48.269355,16.397893,208.452738,8.000000,20.687538,195.734314
point,1524486584999,48.269174,16.397817,209.269622,8.000000,20.754658,194.602142
point,1524486585999,48.268991,16.397743,209.765864,8.000000,20.820782,194.695541
point,1524486586999,48.268807,16.397668,210.187691,8.000000,20.842226,194.852142
point,1524486587999,48.268626,16.397590,210.513189,8.000000,21.116749,195.105453
point,1524486588999,48.268443,16.397511,210.884785,8.000000,21.128340,195.400055
point,1524486589999,48.268259,16.397433,211.115843,8.000000,21.075008,195.626450
point,1524486590999,48.268075,16.397352,211.305580,8.000000,21.135269,195.569748
point,1524486591999,48.267892,16.397274,211.640213,8.000000,21.151129,195.539566
point,1524486592999,48.267708,16.397200,212.095476,8.000000,21.083443,195.655136
point,1524486593999,48.267524,16.397121,212.387824,8.000000,21.086773,196.035324
point,1524486594999,48.267341,16.397043,212.990923,8.000000,21.093386,196.446014
point,1524486595999,48.267158,16.396961,213.083026,8.000000,21.178976,196.576584
point,1524486596999,48.266974,16.396881,213.357512,8.000000,21.286137,196.549362
point,1524486597999,48.266790,16.396799,213.522647,8.000000,21.301775,196.717133
point,1524486598999,48.266605,16.396715,213.674332,8.000000,21.271282,196.688538
point,1524486599999,48.266419,16.396631,213.905796,8.000000,21.278841,196.691833
point,1524486600999,48.266234,16.396549,214.185434,8.000000,21.225246,196.616623
point,1524486601999,48.266050,16.396471,214.643315,8.000000,21.240276,196.457504
point,1524486602999,48.265866,16.396389,214.480088,8.000000,21.216543,196.571167
point,1524486603999,48.265682,16.396310,214.802290,8.000000,21.231562,196.548111
point,1524486604999,48.265492,16.396218,214.004691,8.000000,21.272579,196.656708
point,1524486605999,48.265308,16.396141,214.162948,8.000000,21.151310,196.655991
point,1524486606999,48.265124,16.396065,214.643886,8.000000,21.164513,196.075439
point,1524486607999,48.264941,16.395988,214.789841,8.000000,21.172930,196.096664
point,1524486608999,48.264759,16.395908,215.107247,8.000000,21.131735,196.468994
point,1524486609999,48.264578,16.395826,215.179871,8.000000,21.191614,196.097519
point,1524486610999,48.264392,16.395754,215.432614,8.000000,21.060528,196.009949
point,1524486611999,48.264208,16.395677,215.867974,8.000000,21.094030,196.161133
point,1524486612999,48.264024,16.395598,215.641070,8.000000,21.201075,196.710312
point,1524486613999,48.263842,16.395514,215.968450,8.000000,21.142157,197.018570
point,1524486614999,48.263658,16.395430,216.299457,8.000000,21.088003,197.554092
point,1524486615999,48.263477,16.395343,216.604322,8.000000,21.214018,197.851639
point,1524486616999,48.263295,16.395256,216.407330,8.000000,21.396606,197.742447
point,1524486617999,48.263113,16.395169,216.461828,8.000000,21.354458,197.732330
point,1524486618999,48.262932,16.395078,216.559285,8.000000,21.239286,198.409058
point,1524486619999,48.262749,16.394988,216.586612,8.000000,21.248528,198.463211
point,1524486620999,48.262567,16.394895,216.665265,8.000000,21.231535,198.728638
point,1524486621999,48.262384,16.394800,216.028373,8.000000,21.267015,199.350159
point,1524486622999,48.262203,16.394702,215.233229,8.000000,21.277985,199.241043
point,1524486623999,48.262021,16.394607,215.113812,8.000000,21.036886,199.865738
point,1524486624999,48.261840,16.394508,214.872318,8.000000,21.187826,200.514236
point,1524486625999,48.261658,16.394393,214.705157,8.000000,21.158480,201.670395
point,1524486626999,48.261478,16.394282,214.299839,8.000000,21.163715,203.347488
point,1524486627999,48.261303,16.394171,213.918972,8.000000,21.129950,206.650284
point,1524486628999,48.261141,16.394027,213.696556,8.000000,21.151615,209.314377
point,1524486629999,48.260977,16.393865,213.029694,8.000000,21.206018,212.855774
point,1524486630999,48.260816,16.393697,212.634695,8.000000,21.025661,216.228851
point,1524486631999,48.260658,16.393519,212.601418,8.000000,21.546568,219.325272
point,1524486632999,48.260511,16.393320,212.929171,8.000000,21.309099,222.138504
point,1524486633999,48.260371,16.393117,213.709201,8.000000,21.376432,225.582687
point,1524486634999,48.260235,16.392905,213.732647,8.000000,21.150511,228.044891
point,1524486635999,48.260124,16.392686,213.380534,8.000000,21.019058,230.442825
point,1524486636999,48.260015,16.392461,213.398969,8.000000,20.958290,233.271881
point,1524486637999,48.259910,16.392229,213.697771,8.000000,21.133146,235.082413
point,1524486638999,48.259809,16.391995,213.737288,8.000000,21.160828,236.509186
point,1524486639999,48.259712,16.391754,213.859993,8.000000,21.136518,237.679977
point,1524486640999,48.259616,16.391510,213.726293,8.000000,21.106764,238.194565
point,1524486641999,48.259522,16.391263,213.742880,12.000000,21.121084,238.783112
point,1524486642999,48.259431,16.391024,213.202802,12.000000,21.045584,238.473465
point,1524486643999,48.259340,16.390782,212.861511,12.000000,21.008272,238.939743
point,1524486644999,48.259243,16.390539,212.558916,8.000000,21.033829,238.852570
point,1524486645999,48.259146,16.390297,212.606732,8.000000,21.095842,238.780975
point,1524486646999,48.259041,16.390049,211.804912,8.000000,21.114294,238.819504
point,1524486647999,48.258940,16.389803,211.299317,8.000000,21.052637,238.990692
point,1524486648999,48.258841,16.389558,210.937707,8.000000,21.132328,239.221725
point,1524486649999,48.258740,16.389313,210.695471,8.000000,21.084829,239.073532
point,1524486650999,48.258640,16.389069,210.131693,8.000000,21.051680,239.063019
point,1524486651999,48.258543,16.388825,210.224894,8.000000,21.234606,239.189209
point,1524486652999,48.258447,16.388584,210.034291,8.000000,21.103310,239.016815
point,1524486653999,48.258353,16.388340,210.215951,8.000000,21.082243,239.103973
point,1524486654999,48.258261,16.388097,210.293193,8.000000,21.137074,239.047791
point,1524486655999,48.258169,16.387854,210.365330,8.000000,21.094658,238.912689
point,1524486656999,48.258076,16.387617,210.252650,8.000000,21.081285,238.804504
point,1524486657999,48.257985,16.387374,210.983538,8.000000,21.085733,238.792404
point,1524486658999,48.257891,16.387129,210.858757,8.000000,21.107462,238.802460
point,1524486659999,48.257796,16.386885,210.864356,8.000000,21.080572,238.835022
point,1524486660999,48.257698,16.386642,211.020157,8.000000,21.125502,238.913055
point,1524486661999,48.257598,16.386401,210.949888,8.000000,21.090212,238.872101
point,1524486662999,48.257500,16.386159,211.526990,8.000000,21.061890,238.684952
point,1524486663999,48.257400,16.385917,212.134500,8.000000,21.088396,238.733414
point,1524486664999,48.257301,16.385674,211.982963,8.000000,21.093273,238.714615
point,1524486665999,48.257201,16.385431,212.317171,8.000000,21.113585,238.784775
point,1524486666999,48.257103,16.385188,212.608265,8.000000,21.063911,238.651947
point,1524486667999,48.257004,16.384945,212.584219,8.000000,21.139404,239.056732
point,1524486668999,48.256904,16.384702,212.544390,8.000000,21.111818,238.822372
point,1524486669999,48.256805,16.384460,212.230432,8.000000,21.053562,238.846466
point,1524486670999,48.256704,16.384216,212.269596,8.000000,21.094948,239.052628
point,1524486671999,48.256607,16.383972,212.385640,8.000000,21.083721,238.804321
point,1524486672999,48.256511,16.383729,212.571456,8.000000,20.745100,238.759125
point,1524486673999,48.256413,16.383490,212.724523,8.000000,20.624769,238.784180
point,1524486674999,48.256315,16.383253,212.638401,8.000000,20.187422,238.518326
point,1524486675999,48.256220,16.383026,212.802425,8.000000,19.208271,236.516769
point,1524486676999,48.256128,16.382808,212.863736,8.000000,19.509277,236.295456
point,1524486677999,48.256032,16.382587,213.187283,8.000000,20.130501,237.180069
point,1524486678999,48.255936,16.382354,213.519522,8.000000,20.736225,237.541000
point,1524486679999,48.255837,16.382106,214.756288,8.000000,22.090748,237.613266
point,1524486680999,48.255737,16.381852,214.980301,8.000000,22.008554,237.842621
point,1524486681999,48.255637,16.381601,215.563369,8.000000,21.848358,238.340683
point,1524486682999,48.255533,16.381350,215.689301,8.000000,22.060154,238.754349
point,1524486683999,48.255430,16.381095,215.798967,8.000000,22.280415,238.893845
point,1524486684999,48.255328,16.380840,215.971171,8.000000,22.136063,238.918457
point,1524486685999,48.255225,16.380585,216.155944,8.000000,22.016762,238.835510
point,1524486686999,48.255122,16.380330,216.549702,8.000000,21.859423,238.863434
point,1524486687999,48.255019,16.380079,216.924333,8.000000,21.608715,239.078064
point,1524486688999,48.254915,16.379834,216.657745,8.000000,21.443937,239.204102
point,1524486689999,48.254815,16.379584,217.263118,8.000000,21.433744,239.278214
point,1524486690999,48.254717,16.379332,217.629389,8.000000,21.185093,240.857986
point,1524486691999,48.254622,16.379082,217.237384,8.000000,20.780724,241.547043
point,1524486692999,48.254530,16.378834,217.007005,12.000000,20.709246,241.229324
point,1524486693999,48.254431,16.378584,216.489437,12.000000,20.727633,240.708679
point,1524486694999,48.254334,16.378340,215.944060,12.000000,20.660089,240.727005
point,1524486695999,48.254235,16.378099,215.846784,12.000000,20.531317,239.198578
point,1524486696999,48.254142,16.377863,215.726785,12.000000,20.451778,239.094131
point,1524486697999,48.254045,16.377627,215.899573,12.000000,20.472979,238.915756
point,1524486698999,48.253945,16.377391,216.023980,12.000000,20.431244,238.990005
point,1524486699999,48.253849,16.377158,215.694250,12.000000,20.353699,238.982498
point,1524486700999,48.253753,16.376928,215.291503,8.000000,20.256561,238.910507
point,1524486701999,48.253657,16.376693,214.900148,8.000000,20.250473,238.844666
point,1524486702999,48.253568,16.376461,214.380138,8.000000,20.047178,238.622437
point,1524486703999,48.253475,16.376233,213.919227,8.000000,19.686356,238.896744
point,1524486704999,48.253378,16.376007,213.606667,8.000000,19.488764,238.759018
point,1524486705999,48.253286,16.375787,213.319935,8.000000,18.826460,239.393784
point,1524486706999,48.253201,16.375568,212.971643,8.000000,18.849215,239.265656
point,1524486707999,48.253112,16.375350,212.903821,8.000000,18.955471,238.872650
point,1524486708999,48.253019,16.375136,212.669316,8.000000,18.876089,237.160583
point,1524486709999,48.252922,16.374923,211.988628,8.000000,19.380514,234.799469
point,1524486710999,48.252824,16.374711,212.038490,8.000000,19.631029,234.363495
point,1524486711999,48.252722,16.374495,211.956478,8.000000,19.784834,233.760651
point,1524486712999,48.252612,16.374279,211.770288,8.000000,20.280418,232.292358
point,1524486713999,48.252494,16.374062,211.630540,8.000000,21.275112,228.878204
point,1524486714999,48.252365,16.373852,211.151708,8.000000,21.621347,226.496582
point,1524486715999,48.252235,16.373656,210.610532,8.000000,21.635212,225.835205
point,1524486716999,48.252096,16.373449,210.507511,12.000000,21.738863,222.514633
point,1524486717999,48.251957,16.373267,210.349353,12.000000,21.827145,219.899994
point,1524486718999,48.251805,16.373093,210.549878,12.000000,21.708118,217.824295
point,1524486719999,48.251651,16.372918,210.913934,12.000000,21.713257,217.488358
point,1524486720999,48.251495,16.372744,210.790374,8.000000,21.672104,217.847183
point,1524486721999,48.251339,16.372567,210.509666,8.000000,21.570274,218.202164
point,1524486722999,48.251192,16.372379,210.309358,8.000000,21.402393,218.653870
point,1524486723999,48.251041,16.372202,209.945797,8.000000,21.154102,218.467255
point,1524486724999,48.250889,16.372027,209.484749,8.000000,21.011415,217.364517
point,1524486725999,48.250733,16.371866,209.900200,8.000000,20.633968,216.020035
point,1524486726999,48.250589,16.371726,209.634261,8.000000,20.382137,212.089142
point,1524486727999,48.250433,16.371599,209.624171,8.000000,20.662228,208.488754
point,1524486728999,48.250269,16.371475,209.086711,8.000000,20.781509,206.987595
point,1524486729999,48.250088,16.371363,209.294372,8.000000,20.768299,202.488464
point,1524486730999,48.249908,16.371278,208.242362,8.000000,21.024929,199.285034
point,1524486731999,48.249728,16.371196,207.281897,8.000000,21.059750,198.621567
point,1524486732999,48.249547,16.371125,207.213655,8.000000,21.069403,197.636749
point,1524486733999,48.249367,16.371031,206.068864,8.000000,20.612673,196.970078
point,1524486734999,48.249192,16.370944,205.671529,8.000000,20.264797,197.539688
point,1524486735999,48.249017,16.370861,205.611569,8.000000,20.164398,198.872543
point,1524486736999,48.248840,16.370783,205.986912,8.000000,20.111536,200.307587
point,1524486737999,48.248671,16.370688,205.993354,8.000000,19.470257,202.492783
point,1524486738999,48.248507,16.370584,206.064105,8.000000,19.434578,203.424728
point,1524486739999,48.248349,16.370466,206.222788,8.000000,19.098627,204.903305
point,1524486740999,48.248191,16.370347,206.438688,12.000000,18.801651,204.471405
point,1524486741999,48.248038,16.370233,206.721610,12.000000,18.336794,205.058350
point,1524486742999,48.247889,16.370118,207.082413,12.000000,18.075186,208.013107
point,1524486743999,48.247750,16.369992,207.540563,12.000000,18.167528,208.633133
point,1524486744999,48.247609,16.369867,207.946065,8.000000,18.969290,209.510849
point,1524486745999,48.247466,16.369722,208.180974,8.000000,19.022808,210.927856
point,1524486746999,48.247318,16.369586,208.661445,8.000000,19.132797,210.930237
point,1524486747999,48.247171,16.369449,208.898601,8.000000,19.221285,211.023148
point,1524486748999,48.247023,16.369312,209.144393,8.000000,19.196388,211.659332
point,1524486749999,48.246878,16.369175,209.332327,8.000000,19.203615,211.804489
point,1524486750999,48.246733,16.369039,209.227980,8.000000,19.073818,211.838974
point,1524486751999,48.246587,16.368913,209.047959,8.000000,18.958076,212.850861
point,1524486752999,48.246443,16.368776,209.039890,8.000000,18.966330,212.437653
point,1524486753999,48.246302,16.368628,209.024148,8.000000,19.058207,212.463318
point,1524486754999,48.246158,16.368488,208.952516,8.000000,19.035938,212.579025
point,1524486755999,48.246014,16.368350,208.734365,8.000000,18.811443,213.035187
point,1524486756999,48.245872,16.368211,208.627298,8.000000,18.842091,212.749695
point,1524486757999,48.245730,16.368069,208.777225,8.000000,19.022436,212.741470
point,1524486758999,48.245587,16.367928,208.872660,8.000000,18.786678,213.015045
point,1524486759999,48.245443,16.367782,208.908765,8.000000,18.507772,212.603485
point,1524486760999,48.245301,16.367637,209.020848,8.000000,18.607052,214.149689
point,1524486761999,48.245166,16.367492,209.023669,8.000000,17.735853,212.990402
point,1524486762999,48.245028,16.367353,208.688388,8.000000,16.843071,213.736923
point,1524486763999,48.244895,16.367223,209.044088,12.000000,16.848772,214.543121
point,1524486764999,48.244769,16.367092,208.533544,12.000000,16.329767,213.507919
point,1524486765999,48.244632,16.366984,208.980193,12.000000,17.259581,211.981781
point,1524486766999,48.244496,16.366866,208.383498,12.000000,17.609493,211.165909
point,1524486767999,48.244355,16.366735,208.586895,12.000000,17.989965,211.422470
point,1524486768999,48.244218,16.366625,208.583337,12.000000,17.613592,211.260162
point,1524486769999,48.244087,16.366489,209.302491,12.000000,17.622309,211.774933
point,1524486770999,48.243950,16.366366,209.566327,12.000000,17.848915,211.034836
point,1524486771999,48.243811,16.366248,209.714457,8.000000,18.281755,211.246552
point,1524486772999,48.243668,16.366128,209.596452,8.000000,18.296705,209.892990
point,1524486773999,48.243525,16.366013,209.617330,8.000000,18.316450,209.745163
point,1524486774999,48.243377,16.365896,209.559873,8.000000,18.381350,208.644287
point,1524486775999,48.243234,16.365780,209.551465,8.000000,18.291519,209.236649
point,1524486776999,48.243093,16.365660,209.506399,8.000000,18.231453,209.633408
point,1524486777999,48.242951,16.365543,209.415364,8.000000,18.272007,209.220490
point,1524486778999,48.242806,16.365430,209.381153,8.000000,18.263380,208.995895
point,1524486779999,48.242663,16.365315,209.104268,8.000000,18.084892,209.101852
point,1524486780999,48.242527,16.365195,208.745919,8.000000,18.144650,208.816238
point,1524486781999,48.242376,16.365076,208.560149,8.000000,18.047688,208.336212
point,1524486782999,48.242226,16.364962,208.861269,8.000000,18.075993,207.333786
point,1524486783999,48.242079,16.364851,209.053958,8.000000,17.974272,207.460587
point,1524486784999,48.241932,16.364739,209.330485,8.000000,17.884274,207.515793
point,1524486785999,48.241788,16.364630,209.659802,8.000000,17.850193,207.449036
point,1524486786999,48.241648,16.364520,209.769028,8.000000,17.852381,207.274338
point,1524486787999,48.241506,16.364413,209.812832,8.000000,17.779713,207.070557
point,1524486788999,48.241366,16.364311,209.784125,8.000000,17.764782,206.535324
point,1524486789999,48.241224,16.364210,209.660779,8.000000,17.680162,206.129761
point,1524486790999,48.241076,16.364102,209.979672,8.000000,18.198103,206.209656
point,1524486791999,48.240928,16.363997,209.768978,8.000000,17.885698,205.476303
point,1524486792999,48.240783,16.363900,209.962151,8.000000,17.938686,205.419296
point,1524486793999,48.240638,16.363803,209.994715,8.000000,18.062048,205.630203
point,1524486794999,48.240493,16.363703,209.809820,8.000000,18.007303,204.948441
point,1524486795999,48.240346,16.363605,209.792919,8.000000,17.915751,205.243576
point,1524486796999,48.240198,16.363509,209.562040,8.000000,18.028765,203.579071
point,1524486797999,48.240054,16.363403,209.590550,8.000000,17.976484,204.039185
point,1524486798999,48.239907,16.363303,209.758807,8.000000,17.963833,203.207062
point,1524486799999,48.239759,16.363205,209.847072,8.000000,17.853579,203.241150
point,1524486800999,48.239607,16.363106,210.186696,8.000000,17.755117,203.312317
point,1524486801999,48.239455,16.363009,210.522230,8.000000,17.827423,203.664063
point,1524486802999,48.239310,16.362916,210.526757,8.000000,17.893990,203.660370
point,1524486803999,48.239171,16.362822,210.193783,8.000000,17.831839,203.361801
point,1524486804999,48.239028,16.362727,209.865964,8.000000,17.879482,203.311111
point,1524486805999,48.238882,16.362632,209.544200,8.000000,17.824131,203.117020
point,1524486806999,48.238731,16.362547,209.242192,8.000000,17.899406,202.482468
point,1524486807999,48.238581,16.362463,209.003124,8.000000,17.740917,202.281250
point,1524486808999,48.238429,16.362378,208.877425,8.000000,17.838696,201.468445
point,1524486809999,48.238278,16.362292,208.682076,8.000000,17.929272,200.233521
point,1524486810999,48.238123,16.362213,208.934299,8.000000,18.014715,199.436462
point,1524486811999,48.237968,16.362135,209.253940,8.000000,17.739017,199.251816
point,1524486812999,48.237818,16.362060,209.670572,8.000000,17.024282,199.113449
point,1524486813999,48.237676,16.361992,210.372614,8.000000,16.636713,199.012451
point,1524486814999,48.237544,16.361929,210.093107,8.000000,14.517505,197.531448
point,1524486815999,48.237423,16.361870,210.071926,8.000000,14.200958,197.140198
point,1524486816999,48.237307,16.361816,210.070441,8.000000,13.965259,196.844894
point,1524486817999,48.237198,16.361741,210.156191,8.000000,13.771442,196.538071
point,1524486818999,48.237084,16.361674,210.500371,8.000000,13.530946,196.772278
point,1524486819999,48.236965,16.361612,210.123907,8.000000,13.675255,195.905426
point,1524486820999,48.236845,16.361553,210.141668,8.000000,13.343264,195.415314
point,1524486821999,48.236726,16.361502,210.321394,8.000000,13.256087,195.886398
point,1524486822999,48.236611,16.361469,209.441545,8.000000,13.151424,196.848434
point,1524486823999,48.236502,16.361431,208.939047,8.000000,12.990013,198.206345
point,1524486824999,48.236391,16.361366,208.473338,8.000000,12.848202,201.976440
point,1524486825999,48.236282,16.361290,207.901263,8.000000,12.807918,205.019638
point,1524486826999,48.236179,16.361222,207.437488,8.000000,12.913974,207.648300
point,1524486827999,48.236084,16.361140,206.978626,8.000000,13.167154,207.225967
point,1524486828999,48.235982,16.361060,207.480074,8.000000,13.267314,206.673370
point,1524486829999,48.235877,16.360985,207.831443,8.000000,13.394609,206.495865
point,1524486830999,48.235770,16.360910,208.481457,8.000000,13.047477,203.168320
point,1524486831999,48.235661,16.360840,208.472722,12.000000,12.853235,202.350098
point,1524486832999,48.235558,16.360766,208.470398,12.000000,12.394409,202.302307
point,1524486833999,48.235447,16.360702,207.462930,12.000000,12.588015,199.882950
point,1524486834999,48.235328,16.360660,207.271868,12.000000,13.002922,199.032745
point,1524486835999,48.235206,16.360624,205.896239,12.000000,13.576743,188.997849
point,1524486836999,48.235078,16.360606,204.009592,12.000000,12.989176,186.745773
point,1524486837999,48.234956,16.360595,202.825453,12.000000,12.447224,186.611862
point,1524486838999,48.234837,16.360586,203.055775,12.000000,12.765030,187.116837
point,1524486839999,48.234722,16.360575,202.891107,12.000000,13.147671,185.716415
point,1524486840999,48.234601,16.360551,204.093816,12.000000,13.349919,186.688553
point,1524486841999,48.234476,16.360534,203.661583,12.000000,11.902294,185.927094
point,1524486842999,48.234368,16.360520,204.281777,12.000000,11.120567,182.414383
point,1524486843999,48.234266,16.360510,203.325117,16.000000,11.148924,182.297852
point,1524486844999,48.234164,16.360507,203.168593,16.000000,10.648087,183.311996
point,1524486845999,48.234055,16.360485,204.390510,16.000000,13.438638,184.067123
point,1524486846999,48.233926,16.360472,204.041077,16.000000,13.103918,178.942581
point,1524486847999,48.233807,16.360476,203.167750,16.000000,12.689505,178.425552
point,1524486848999,48.233681,16.360446,203.457084,12.000000,12.794360,177.044617
point,1524486849999,48.233566,16.360450,201.700480,12.000000,12.855375,176.166473
point,1524486850999,48.233442,16.360454,199.735913,12.000000,13.827268,176.394485
point,1524486851999,48.233318,16.360457,199.677786,12.000000,13.731318,171.707306
point,1524486852999,48.233195,16.360488,202.518694,16.000000,13.229144,170.769653
point,1524486853999,48.233080,16.360529,202.968615,16.000000,12.847928,169.767593
point,1524486854999,48.232961,16.360566,202.826837,16.000000,13.133627,169.750336
point,1524486855999,48.232841,16.360602,202.615940,12.000000,13.068997,169.732529
point,1524486856999,48.232724,16.360650,203.245414,12.000000,13.092772,169.827866
point,1524486857999,48.232605,16.360696,204.253375,12.000000,13.295650,169.735046
point,1524486858999,48.232486,16.360735,204.844188,12.000000,13.407208,169.537415
point,1524486859999,48.232365,16.360768,204.747047,8.000000,13.446713,168.841629
point,1524486860999,48.232246,16.360815,204.943857,8.000000,13.380781,166.200455
point,1524486861999,48.232128,16.360868,205.312686,8.000000,13.261676,165.072250
point,1524486862999,48.232003,16.360904,205.011091,8.000000,13.336706,163.359650
point,1524486863999,48.231885,16.360951,205.311298,8.000000,13.407260,162.129532
point,1524486864999,48.231773,16.361012,205.000117,8.000000,13.393379,161.199890
point,1524486865999,48.231656,16.361063,205.044146,8.000000,13.400531,161.445663
point,1524486866999,48.231533,16.361117,205.360799,8.000000,13.473402,160.130234
point,1524486867999,48.231413,16.361173,205.702428,8.000000,13.455228,160.038101
point,1524486868999,48.231297,16.361235,205.838129,8.000000,13.375614,160.050751
point,1524486869999,48.231189,16.361315,205.355020,8.000000,13.359868,160.128052
point,1524486870999,48.231079,16.361385,204.956169,8.000000,13.325927,159.969116
point,1524486871999,48.230967,16.361451,204.719556,8.000000,13.225749,160.060059
point,1524486872999,48.230852,16.361513,204.479979,8.000000,13.335400,160.861481
point,1524486873999,48.230736,16.361572,204.253609,8.000000,13.320139,160.406769
point,1524486874999,48.230625,16.361633,204.152906,8.000000,13.273314,159.997772
point,1524486875999,48.230507,16.361700,203.923056,8.000000,13.183095,159.661362
point,1524486876999,48.230393,16.361775,204.180539,8.000000,13.173416,159.611160
point,1524486877999,48.230281,16.361843,204.255832,8.000000,13.190936,159.447754
point,1524486878999,48.230168,16.361908,204.166624,8.000000,13.246237,159.716492
point,1524486879999,48.230058,16.361964,204.232176,8.000000,13.233831,159.863953
point,1524486880999,48.229944,16.362014,203.625664,8.000000,13.338106,159.786346
point,1524486881999,48.229835,16.362073,203.561368,8.000000,13.145415,159.676346
point,1524486882999,48.229729,16.362133,203.185584,8.000000,13.269979,160.126877
point,1524486883999,48.229619,16.362191,203.236749,12.000000,13.234457,161.039230
point,1524486884999,48.229508,16.362250,203.382043,12.000000,13.167785,159.505508
point,1524486885999,48.229396,16.362312,203.438432,12.000000,13.280333,159.217880
point,1524486886999,48.229285,16.362373,203.480182,12.000000,13.196329,159.310181
point,1524486887999,48.229174,16.362431,203.421592,12.000000,13.195781,160.247894
point,1524486888999,48.229066,16.362490,203.296377,12.000000,12.989519,160.372818
point,1524486889999,48.228957,16.362548,203.148056,12.000000,13.156427,160.009460
point,1524486890999,48.228848,16.362607,203.339489,12.000000,12.906785,158.875900
point,1524486891999,48.228741,16.362668,203.143601,12.000000,12.957900,158.180939
point,1524486892999,48.228634,16.362732,203.510067,12.000000,12.763866,155.516861
point,1524486893999,48.228534,16.362800,203.923579,12.000000,12.179171,153.404495
point,1524486894999,48.228438,16.362879,204.040730,12.000000,11.943010,152.507599
point,1524486895999,48.228343,16.362953,204.336245,8.000000,11.815650,148.034363
point,1524486896999,48.228253,16.363037,202.610206,8.000000,11.681678,148.290817
point,1524486897999,48.228163,16.363118,202.380739,8.000000,11.636367,147.476074
point,1524486898999,48.228077,16.363219,201.816215,8.000000,10.998033,144.075806
point,1524486899999,48.227993,16.363306,201.018376,12.000000,10.655081,144.002243
point,1524486900999,48.227916,16.363372,201.065141,12.000000,10.425595,145.281982
point,1524486901999,48.227834,16.363442,200.665902,12.000000,10.722251,145.680420
point,1524486902999,48.227762,16.363504,201.640133,12.000000,10.651098,144.873230
point,1524486903999,48.227686,16.363573,201.638935,12.000000,10.722708,144.257263
point,1524486904999,48.227601,16.363641,201.368560,12.000000,10.881602,143.588791
point,1524486905999,48.227520,16.363726,202.725579,12.000000,11.328838,140.451706
point,1524486906999,48.227441,16.363820,203.780664,12.000000,11.482203,137.835709
point,1524486907999,48.227364,16.363922,206.354744,12.000000,11.811397,137.391953
point,1524486908999,48.227283,16.364025,207.025332,12.000000,10.950249,137.433212
point,1524486909999,48.227218,16.364129,208.020233,12.000000,10.497360,139.083939
point,1524486910999,48.227170,16.364240,207.961137,12.000000,8.001461,136.711441
point,1524486911999,48.227130,16.364317,209.003932,12.000000,6.521781,137.691071
point,1524486912999,48.227098,16.364393,210.509842,12.000000,4.651474,133.576813
point,1524486913999,48.227073,16.364450,211.867978,12.000000,2.808595,127.672043
point,1524486967999,48.227049,16.364546,219.145082,6.000000,1.958369,147.323181
point,1524486968999,48.227010,16.364580,219.107005,6.000000,4.119841,142.152390
point,1524486969999,48.226958,16.364631,218.748153,6.000000,5.905356,144.362564
point,1524486970999,48.226895,16.364697,218.374814,6.000000,7.918172,143.355545
point,1524486971999,48.226824,16.364782,218.097245,6.000000,9.280811,141.935516
point,1524486972999,48.226748,16.364877,217.873446,6.000000,10.269706,139.858658
point,1524486973999,48.226672,16.364978,218.086196,6.000000,10.945292,136.326492
point,1524486974999,48.226595,16.365090,217.000839,6.000000,11.379364,137.206177
point,1524486975999,48.226516,16.365204,216.803327,6.000000,11.840647,137.354034
point,1524486976999,48.226434,16.365317,216.269824,4.000000,11.945225,137.391998
point,1524486977999,48.226354,16.365427,215.931548,4.000000,11.867904,137.076523
point,1524486978999,48.226275,16.365534,215.753131,4.000000,11.698843,138.034271
point,1524486979999,48.226197,16.365638,215.712292,4.000000,11.523430,139.309692
point,1524486980999,48.226121,16.365735,215.893085,4.000000,11.243773,141.495499
point,1524486981999,48.226045,16.365825,216.217451,4.000000,10.925731,142.972565
point,1524486982999,48.225968,16.365909,215.473364,4.000000,10.684351,145.977570
point,1524486983999,48.225892,16.365987,215.361407,4.000000,10.325741,145.350632
point,1524486984999,48.225820,16.366057,215.048173,6.000000,9.734343,146.047058
point,1524486985999,48.225761,16.366116,215.261522,6.000000,8.526583,146.843781
point,1524486986999,48.225715,16.366161,216.516172,6.000000,7.065468,146.869751
point,1524486987999,48.225693,16.366183,217.184375,6.000000,4.410042,145.510193
point,1524486998999,48.225682,16.366194,218.430870,8.000000,0.473243,144.400009
point,1524486999999,48.225667,16.366197,218.538964,8.000000,0.992526,145.324860
point,1524487000999,48.225643,16.366210,218.154419,8.000000,2.181777,147.015610
point,1524487001999,48.225605,16.366241,219.746038,8.000000,4.377547,147.305878
point,1524487002999,48.225548,16.366292,220.089820,8.000000,6.069514,147.758591
point,1524487003999,48.225481,16.366351,219.966139,8.000000,7.657961,148.812897
point,1524487004999,48.225404,16.366418,219.680114,8.000000,8.687278,149.267349
point,1524487005999,48.225323,16.366487,219.475766,8.000000,9.459704,150.210892
point,1524487006999,48.225234,16.366558,219.240089,8.000000,10.427784,151.199509
point,1524487007999,48.225134,16.366637,218.844903,8.000000,11.748784,152.171982
point,1524487008999,48.225026,16.366717,217.949731,8.000000,12.331850,154.747803
point,1524487009999,48.224911,16.366786,217.047236,8.000000,12.697655,156.002914
point,1524487010999,48.224797,16.366851,216.394795,8.000000,12.574110,163.008194
point,1524487011999,48.224684,16.366893,216.267265,8.000000,12.235263,165.971085
point,1524487012999,48.224577,16.366924,215.559643,8.000000,11.750119,167.567566
point,1524487013999,48.224478,16.366954,215.623719,8.000000,11.216476,168.917740
point,1524487014999,48.224383,16.366982,215.731388,6.000000,10.783013,171.675568
point,1524487015999,48.224291,16.367005,215.125427,6.000000,10.474585,172.404205
point,1524487016999,48.224199,16.367025,215.022282,6.000000,10.225473,173.585007
point,1524487017999,48.224113,16.367037,215.054608,8.000000,9.545802,173.257751
point,1524487018999,48.224032,16.367046,213.677168,8.000000,8.930215,172.689148
point,1524487019999,48.223956,16.367055,213.211005,8.000000,8.508599,174.957947
point,1524487020999,48.223879,16.367063,212.927819,8.000000,8.244169,175.203094
point,1524487021999,48.223806,16.367073,213.402575,6.000000,7.978746,174.882965
point,1524487022999,48.223736,16.367081,213.039720,6.000000,7.627786,174.127701
point,1524487023999,48.223670,16.367089,213.343664,6.000000,7.341629,174.393250
point,1524487024999,48.223602,16.367097,213.737920,6.000000,7.382342,174.476425
point,1524487025999,48.223519,16.367104,213.478063,6.000000,8.846236,174.449768
point,1524487026999,48.223423,16.367117,214.005325,6.000000,9.883180,174.820786
point,1524487027999,48.223324,16.367126,213.123423,6.000000,10.482148,175.589584
point,1524487028999,48.223220,16.367133,213.142320,6.000000,11.194188,176.283279
point,1524487029999,48.223103,16.367143,213.483842,6.000000,12.476898,176.481308
point,1524487030999,48.222979,16.367152,213.540387,6.000000,13.006687,177.314163
point,1524487031999,48.222856,16.367160,213.242560,6.000000,13.015718,177.059082
point,1524487032999,48.222740,16.367169,213.046797,6.000000,12.735090,176.614441
point,1524487033999,48.222626,16.367177,212.658632,6.000000,12.591164,176.676346
point,1524487034999,48.222510,16.367184,212.388872,6.000000,12.634960,177.096313
point,1524487035999,48.222391,16.367192,212.117209,6.000000,12.868861,176.981323
point,1524487036999,48.222271,16.367201,211.789105,6.000000,13.062398,176.835510
point,1524487037999,48.222150,16.367213,212.295457,6.000000,13.116688,176.414520
point,1524487038999,48.222030,16.367226,212.214080,6.000000,13.122383,174.849472
point,1524487039999,48.221910,16.367242,212.062718,6.000000,13.233190,174.967026
point,1524487040999,48.221790,16.367258,211.915801,6.000000,13.128105,174.920197
point,1524487041999,48.221673,16.367274,211.662024,6.000000,12.986010,174.682266
point,1524487042999,48.221556,16.367291,212.478012,6.000000,13.029851,174.765320
point,1524487043999,48.221438,16.367305,212.882624,6.000000,13.049401,173.884338
point,1524487044999,48.221323,16.367323,212.292660,6.000000,12.888874,172.742874
point,1524487045999,48.221209,16.367343,211.765785,6.000000,12.797640,171.620056
point,1524487046999,48.221096,16.367371,212.812693,6.000000,12.757796,172.154556
point,1524487047999,48.220983,16.367396,213.778328,6.000000,12.646721,168.874084
point,1524487048999,48.220869,16.367430,214.044216,6.000000,12.714712,168.264252
point,1524487049999,48.220755,16.367464,213.548051,8.000000,12.512402,167.183289
point,1524487050999,48.220643,16.367502,214.043057,8.000000,12.568136,166.919388
point,1524487051999,48.220529,16.367543,214.685940,8.000000,12.695662,166.285141
point,1524487052999,48.220412,16.367583,214.980349,8.000000,13.113370,166.361115
point,1524487053999,48.220293,16.367627,216.192085,8.000000,13.248485,164.950211
point,1524487054999,48.220177,16.367665,213.069134,8.000000,12.902329,164.473007
point,1524487055999,48.220067,16.367710,213.106893,8.000000,12.804384,165.117432
point,1524487056999,48.219957,16.367756,212.916986,8.000000,12.814768,163.091858
point,1524487057999,48.219847,16.367807,213.001573,8.000000,12.868181,160.775131
point,1524487058999,48.219738,16.367864,212.801428,8.000000,12.849279,158.036301
point,1524487059999,48.219633,16.367930,213.162661,8.000000,12.623053,158.316833
point,1524487060999,48.219531,16.367998,213.435916,8.000000,12.339386,156.528244
point,1524487061999,48.219433,16.368069,213.542169,6.000000,12.276655,153.078445
point,1524487062999,48.219337,16.368149,213.947244,6.000000,12.224769,150.536774
point,1524487063999,48.219243,16.368235,214.153005,6.000000,12.105665,147.971176
point,1524487064999,48.219154,16.368328,214.076514,6.000000,12.023479,146.401062
point,1524487065999,48.219065,16.368428,214.396251,6.000000,12.219009,145.383652
point,1524487066999,48.218974,16.368538,214.576917,6.000000,12.450735,143.619965
point,1524487067999,48.218885,16.368648,214.566047,6.000000,12.680488,141.316849
point,1524487068999,48.218797,16.368764,214.737889,6.000000,12.865143,139.014709
point,1524487069999,48.218711,16.368888,214.741168,6.000000,12.962530,137.231720
point,1524487070999,48.218627,16.369012,215.078745,6.000000,12.981729,134.823807
point,1524487071999,48.218546,16.369140,214.702806,6.000000,12.992777,133.199661
point,1524487072999,48.218466,16.369275,214.743368,6.000000,13.023007,131.527954
point,1524487073999,48.218389,16.369414,214.665301,6.000000,13.164411,130.501694
point,1524487074999,48.218313,16.369553,214.606036,6.000000,13.263458,130.112213
point,1524487075999,48.218237,16.369693,214.318366,6.000000,13.269341,129.675507
point,1524487076999,48.218162,16.369833,214.315676,6.000000,13.368014,129.748856
point,1524487077999,48.218085,16.369975,214.355999,4.000000,13.340520,130.029724
point,1524487078999,48.218010,16.370113,214.444147,4.000000,13.202169,130.079391
point,1524487079999,48.217935,16.370250,214.464781,4.000000,13.060578,130.025726
point,1524487080999,48.217861,16.370384,214.626341,4.000000,12.916965,130.079239
point,1524487081999,48.217788,16.370516,214.774201,4.000000,12.738309,130.142609
point,1524487082999,48.217715,16.370646,215.001443,4.000000,12.648906,130.161880
point,1524487083999,48.217643,16.370777,215.201757,4.000000,12.601177,130.108337
point,1524487084999,48.217570,16.370908,215.200497,4.000000,12.565145,130.100067
point,1524487085999,48.217496,16.371039,215.092420,4.000000,12.664356,130.653671
point,1524487086999,48.217419,16.371172,215.143269,4.000000,12.921564,132.075241
point,1524487087999,48.217339,16.371303,215.413037,4.000000,13.064746,132.929199
point,1524487088999,48.217257,16.371434,215.711016,4.000000,13.188902,134.658112
point,1524487089999,48.217172,16.371562,215.980148,4.000000,13.291877,137.358307
point,1524487090999,48.217083,16.371684,216.183981,4.000000,13.342106,139.312851
point,1524487091999,48.216991,16.371803,216.188223,4.000000,13.416492,140.908646
point,1524487092999,48.216897,16.371919,215.935546,4.000000,13.535140,142.395126
point,1524487093999,48.216801,16.372031,216.131520,4.000000,13.521774,142.850906
point,1524487094999,48.216702,16.372139,215.971297,4.000000,13.549104,143.312363
point,1524487095999,48.216603,16.372245,215.842745,4.000000,13.532048,143.984039
point,1524487096999,48.216504,16.372349,215.683933,4.000000,13.489841,144.865738
point,1524487097999,48.216404,16.372451,215.702232,4.000000,13.440139,145.820663
point,1524487098999,48.216305,16.372551,215.609147,4.000000,13.360798,147.167694
point,1524487099999,48.216204,16.372645,215.504559,4.000000,13.279125,147.821594
point,1524487100999,48.216101,16.372734,215.087289,4.000000,13.194397,148.292496
point,1524487101999,48.215999,16.372824,215.043241,4.000000,13.111720,148.982483
point,1524487102999,48.215898,16.372912,215.013379,4.000000,13.029494,149.805161
point,1524487103999,48.215796,16.372996,215.120498,4.000000,12.960549,150.617249
point,1524487104999,48.215693,16.373080,215.043000,4.000000,12.918955,151.655396
point,1524487105999,48.215590,16.373161,215.190926,4.000000,12.907744,153.054779
point,1524487106999,48.215486,16.373238,215.086051,4.000000,12.887538,153.882248
point,1524487107999,48.215380,16.373312,215.164718,4.000000,12.887298,154.806717
point,1524487108999,48.215274,16.373383,215.091791,4.000000,12.883882,155.568237
point,1524487109999,48.215167,16.373450,215.338135,4.000000,12.888626,155.606720
point,1524487110999,48.215058,16.373517,215.049732,4.000000,12.936287,157.098373
point,1524487111999,48.214949,16.373585,214.784707,4.000000,13.090075,157.222992
point,1524487112999,48.214838,16.373654,214.848874,4.000000,13.317144,157.320984
point,1524487113999,48.214726,16.373724,214.844118,4.000000,13.442528,157.197891
point,1524487114999,48.214613,16.373795,214.833458,4.000000,13.560527,157.088333
point,1524487115999,48.214500,16.373868,214.785442,4.000000,13.622706,156.910645
point,1524487116999,48.214386,16.373942,214.747041,4.000000,13.751401,156.103455
point,1524487117999,48.214272,16.374018,214.574720,4.000000,13.784207,155.183685
point,1524487118999,48.214159,16.374097,214.575491,4.000000,13.857733,153.583069
point,1524487119999,48.214045,16.374175,214.213692,4.000000,13.912034,151.606964
point,1524487120999,48.213933,16.374260,214.124523,4.000000,13.941135,151.284012
point,1524487121999,48.213823,16.374349,214.183901,4.000000,13.921265,150.100540
point,1524487122999,48.213716,16.374442,214.667322,4.000000,13.827973,149.103409
point,1524487123999,48.213611,16.374540,214.905693,4.000000,13.728133,147.830948
point,1524487124999,48.213507,16.374639,215.230544,4.000000,13.663809,146.183960
point,1524487125999,48.213406,16.374741,215.471495,4.000000,13.652436,144.739288
point,1524487126999,48.213306,16.374848,215.587251,4.000000,13.601912,143.432159
point,1524487127999,48.213208,16.374955,215.466634,4.000000,13.567594,142.649796
point,1524487128999,48.213112,16.375067,215.752793,4.000000,13.563521,141.500427
point,1524487129999,48.213019,16.375184,215.609832,4.000000,13.518853,140.108841
point,1524487130999,48.212927,16.375301,215.404913,4.000000,13.349171,138.658356
point,1524487131999,48.212841,16.375419,215.166711,4.000000,13.111422,137.338120
point,1524487132999,48.212759,16.375535,215.006554,4.000000,12.767169,136.140762
point,1524487133999,48.212680,16.375651,215.066561,4.000000,12.507751,135.009995
point,1524487134999,48.212604,16.375767,214.997498,4.000000,12.249867,133.956589
point,1524487135999,48.212532,16.375881,214.779242,4.000000,11.870248,133.637146
point,1524487136999,48.212463,16.375992,214.831514,4.000000,11.505515,131.142166
point,1524487137999,48.212401,16.376107,214.852951,4.000000,11.167565,127.823715
point,1524487138999,48.212348,16.376216,214.719579,4.000000,10.224839,126.137039
point,1524487139999,48.212305,16.376309,214.846916,4.000000,8.981303,126.705063
point,1524487140999,48.212267,16.376384,214.658868,4.000000,7.961130,121.703903
point,1524487141999,48.212235,16.376461,214.642875,4.000000,7.498682,120.702980
point,1524487142999,48.212204,16.376540,214.805254,4.000000,7.253593,120.366371
point,1524487143999,48.212175,16.376618,214.608598,4.000000,6.906072,120.025864
point,1524487144999,48.212148,16.376692,214.585241,4.000000,6.526730,119.366028
point,1524487145999,48.212124,16.376760,214.667006,4.000000,6.032830,118.786377
point,1524487146999,48.212103,16.376823,214.414665,4.000000,5.620959,117.930565
point,1524487147999,48.212082,16.376881,214.331578,4.000000,5.314622,117.389191
point,1524487148999,48.212062,16.376938,214.264991,4.000000,5.072721,116.963028
point,1524487149999,48.212043,16.376995,214.256776,4.000000,4.929931,115.959251
point,1524487150999,48.212023,16.377051,214.100114,4.000000,4.883601,115.552734
point,1524487151999,48.212002,16.377114,214.106439,4.000000,5.397017,114.164162
point,1524487152999,48.211981,16.377179,214.049113,4.000000,5.231905,114.519402
point,1524487153999,48.211961,16.377242,213.782448,4.000000,5.323206,114.276459
point,1524487154999,48.211941,16.377314,213.956465,4.000000,5.895899,114.332123
point,1524487155999,48.211916,16.377394,213.716606,4.000000,6.441199,115.250702
point,1524487156999,48.211888,16.377478,213.367737,4.000000,6.945936,115.513878
point,1524487157999,48.211857,16.377573,213.664004,4.000000,7.641733,115.473129
point,1524487158999,48.211825,16.377675,213.729573,4.000000,8.106410,115.482117
point,1524487159999,48.211791,16.377781,213.888907,4.000000,8.608170,114.863876
point,1524487160999,48.211756,16.377893,213.890275,4.000000,9.063497,112.900688
point,1524487161999,48.211723,16.378011,214.366248,4.000000,9.347779,111.415680
point,1524487162999,48.211693,16.378129,214.301463,4.000000,9.319731,110.425125
point,1524487163999,48.211668,16.378234,214.380144,4.000000,8.476998,108.595726
point,1524487164999,48.211649,16.378312,214.315529,4.000000,7.009521,108.144142
point,1524487165999,48.211639,16.378359,214.117911,4.000000,4.954013,107.875725
point,1524487166999,48.211638,16.378376,213.548118,4.000000,2.883700,106.781830
point,1524487216000,48.211637,16.378406,213.320729,6.000000,0.894567,105.992882
point,1524487217000,48.211625,16.378437,212.241253,6.000000,2.478931,107.277779
point,1524487218000,48.211614,16.378500,211.889687,6.000000,4.305166,103.333916
point,1524487219000,48.211599,16.378595,212.144683,6.000000,6.586132,103.935707
point,1524487220000,48.211579,16.378723,212.132299,6.000000,8.734193,105.525360
point,1524487221000,48.211555,16.378862,213.272225,6.000000,9.710245,104.499084
point,1524487222000,48.211533,16.379006,213.703799,6.000000,10.425252,104.082352
point,1524487223000,48.211512,16.379160,214.019075,6.000000,11.133993,102.431465
point,1524487224000,48.211491,16.379326,214.094843,6.000000,11.962413,99.709190
point,1524487225000,48.211472,16.379499,214.191915,6.000000,12.424958,97.598457
point,1524487226000,48.211461,16.379674,214.715790,6.000000,12.629960,95.762001
point,1524487227000,48.211445,16.379847,215.282499,6.000000,12.756652,94.677017
point,1524487228000,48.211435,16.380021,215.542290,6.000000,12.773412,94.553802
point,1524487229000,48.211424,16.380196,216.064836,8.000000,12.819861,95.837753
point,1524487230000,48.211408,16.380377,216.216218,8.000000,13.273375,97.493263
point,1524487231000,48.211389,16.380564,216.459671,8.000000,13.431677,97.479630
point,1524487232000,48.211371,16.380748,216.717304,8.000000,13.359477,97.303192
point,1524487233000,48.211351,16.380927,217.461309,6.000000,13.130351,96.704315
point,1524487234000,48.211340,16.381107,217.145517,8.000000,13.083261,95.390022
point,1524487235000,48.211337,16.381289,216.528327,8.000000,13.057398,94.412315
point,1524487236000,48.211330,16.381466,216.315444,8.000000,12.917379,94.618362
point,1524487237000,48.211321,16.381633,216.302272,6.000000,12.286088,94.344490
point,1524487238000,48.211314,16.381785,216.293555,6.000000,11.412701,93.625664
point,1524487239000,48.211309,16.381912,215.710850,6.000000,9.818912,93.846443
point,1524487240000,48.211305,16.382010,215.387182,6.000000,8.113280,93.655586
point,1524487241000,48.211303,16.382087,214.835560,6.000000,6.686150,93.263962
point,1524487242000,48.211304,16.382144,215.708524,6.000000,5.104154,92.943245
point,1524487243000,48.211306,16.382180,215.851846,6.000000,3.560313,93.449142
point,1524487257000,48.211306,16.382204,214.174016,6.000000,0.312162,93.094460
point,1524487258000,48.211306,16.382218,214.048801,6.000000,1.005009,91.973732
point,1524487259000,48.211309,16.382257,213.654227,6.000000,2.514604,92.351273
point,1524487260000,48.211313,16.382320,213.720723,6.000000,4.159057,92.035179
point,1524487261000,48.211312,16.382399,213.921111,6.000000,5.087979,96.516640
point,1524487262000,48.211306,16.382480,214.389190,6.000000,5.520781,101.813095
point,1524487263000,48.211295,16.382559,214.412711,6.000000,5.795789,114.700867
point,1524487264000,48.211269,16.382637,214.426538,6.000000,6.137436,135.674805
point,1524487265000,48.211224,16.382701,213.893508,6.000000,6.675963,157.036118
point,1524487266000,48.211163,16.382736,213.623005,6.000000,6.648308,170.987228
point,1524487267000,48.211099,16.382749,213.769856,6.000000,6.810333,184.930344
point,1524487268000,48.211029,16.382740,214.810043,6.000000,7.315648,189.470978
point,1524487269000,48.210952,16.382720,214.112561,6.000000,8.084439,189.756363
point,1524487270000,48.210866,16.382699,213.903434,6.000000,9.038698,188.755585
point,1524487271000,48.210779,16.382678,214.714130,6.000000,9.157681,188.953598
point,1524487272000,48.210686,16.382653,213.727115,6.000000,9.558071,189.163925
point,1524487273000,48.210594,16.382629,213.578829,6.000000,9.912063,190.060715
point,1524487274000,48.210494,16.382597,213.801567,6.000000,10.640085,190.668686
point,1524487275000,48.210391,16.382565,213.609688,6.000000,10.964955,190.848038
point,1524487276000,48.210285,16.382535,214.061745,6.000000,11.442575,190.369888
point,1524487277000,48.210178,16.382505,214.482522,6.000000,11.468255,190.061508
point,1524487278000,48.210072,16.382478,214.250752,6.000000,11.640589,189.794846
point,1524487279000,48.209965,16.382456,214.854169,6.000000,11.582904,189.587616
point,1524487280000,48.209864,16.382431,214.494464,6.000000,11.230197,190.182938
point,1524487281000,48.209764,16.382414,214.921904,6.000000,10.890304,188.730087
point,1524487282000,48.209673,16.382399,215.696478,6.000000,10.145168,188.240356
point,1524487283000,48.209603,16.382387,215.298144,6.000000,8.548627,188.073990
point,1524487284000,48.209547,16.382377,215.324760,6.000000,7.186214,188.704330
point,1524487285000,48.209501,16.382367,215.369954,6.000000,6.020019,188.664063
point,1524487286000,48.209458,16.382357,215.438333,6.000000,5.382382,188.901688
point,1524487287000,48.209418,16.382346,215.479852,6.000000,4.785571,189.339462
point,1524487288000,48.209384,16.382336,215.275925,6.000000,4.004266,189.212021
point,1524487289000,48.209359,16.382332,215.473392,6.000000,3.172497,188.859863
point,1524487290000,48.209340,16.382329,215.745072,6.000000,2.475309,189.583496
point,1524487291000,48.209326,16.382327,215.686278,6.000000,1.949314,189.719589
point,1524487292000,48.209315,16.382326,215.771466,6.000000,1.575997,189.884171
point,1524487293000,48.209303,16.382317,215.517754,6.000000,1.212452,188.181168
point,1524487295000,48.209289,16.382312,215.576164,6.000000,0.688676,187.300323
point,1524487297000,48.209278,16.382309,216.003421,6.000000,0.346339,188.714371
point,1524487320000,48.209241,16.382319,217.311229,6.000000,1.107944,188.302353
point,1524487321000,48.209212,16.382318,217.015926,6.000000,2.328875,187.624908
point,1524487322000,48.209173,16.382310,216.917620,6.000000,3.310458,187.145050
point,1524487323000,48.209129,16.382302,217.264306,6.000000,4.100016,187.293488
point,1524487324000,48.209076,16.382291,217.222758,6.000000,5.053398,188.668411
point,1524487325000,48.209018,16.382273,216.557425,6.000000,5.652817,191.218765
point,1524487326000,48.208944,16.382245,217.058069,6.000000,7.515940,199.065567
point,1524487327000,48.208860,16.382202,217.075144,6.000000,8.702123,211.211548
point,1524487328000,48.208781,16.382131,216.783137,6.000000,9.482164,211.028320
point,1524487329000,48.208701,16.382057,216.600553,4.000000,9.873937,213.016602
point,1524487330000,48.208623,16.381982,216.395098,4.000000,9.895238,211.808243
point,1524487331000,48.208547,16.381908,216.062773,4.000000,9.856598,212.062805
point,1524487332000,48.208473,16.381839,216.115301,4.000000,9.734230,212.056808
point,1524487333000,48.208400,16.381767,216.081244,4.000000,9.644037,212.952240
point,1524487334000,48.208325,16.381693,216.536610,4.000000,9.793140,213.744247
point,1524487335000,48.208250,16.381616,216.267865,4.000000,9.908847,213.529602
point,1524487336000,48.208171,16.381535,216.777955,4.000000,10.244468,213.584137
point,1524487337000,48.208089,16.381454,216.710000,4.000000,10.348473,213.733429
point,1524487338000,48.208009,16.381375,216.919044,4.000000,10.412075,213.794174
point,1524487339000,48.207930,16.381296,216.854926,4.000000,10.378078,213.736740
point,1524487340000,48.207852,16.381218,216.819887,4.000000,10.351949,214.379654
point,1524487341000,48.207774,16.381140,217.292481,4.000000,10.328010,214.614120
point,1524487342000,48.207695,16.381060,217.119359,4.000000,10.509718,214.621964
point,1524487343000,48.207613,16.380975,216.783772,4.000000,10.634360,214.743912
point,1524487344000,48.207531,16.380889,216.759120,4.000000,10.841867,214.803940
point,1524487345000,48.207446,16.380800,216.664290,4.000000,11.238567,214.771210
point,1524487346000,48.207359,16.380708,216.633791,4.000000,11.439192,214.727356
point,1524487347000,48.207272,16.380620,216.592626,4.000000,11.453321,214.322372
point,1524487348000,48.207185,16.380532,216.419110,4.000000,11.383082,214.232376
point,1524487349000,48.207100,16.380445,216.569655,4.000000,11.374523,214.195953
point,1524487350000,48.207016,16.380358,216.624718,4.000000,11.273417,214.308990
point,1524487351000,48.206934,16.380271,216.739614,4.000000,11.214615,214.464447
point,1524487352000,48.206851,16.380186,216.626930,4.000000,11.026759,214.390518
point,1524487353000,48.206770,16.380104,216.521263,4.000000,10.853521,214.417297
point,1524487354000,48.206691,16.380023,216.647677,4.000000,10.624616,214.463913
point,1524487355000,48.206615,16.379946,216.767856,4.000000,10.294588,214.346695
point,1524487356000,48.206542,16.379871,216.527779,4.000000,10.031499,214.288498
point,1524487357000,48.206471,16.379794,216.549901,4.000000,9.826605,214.646362
point,1524487358000,48.206402,16.379721,216.479388,4.000000,9.536670,213.477066
point,1524487359000,48.206333,16.379652,216.670118,4.000000,9.322753,213.332657
point,1524487360000,48.206263,16.379583,216.531938,4.000000,9.362908,212.599548
point,1524487361000,48.206193,16.379514,216.343778,4.000000,9.398520,212.169617
point,1524487362000,48.206124,16.379447,216.664036,4.000000,9.150865,212.180756
point,1524487363000,48.206059,16.379384,216.756810,4.000000,8.919978,212.525116
point,1524487364000,48.205994,16.379321,217.116480,4.000000,8.791942,212.537247
point,1524487365000,48.205930,16.379260,217.061169,4.000000,8.685759,212.436844
point,1524487366000,48.205870,16.379201,217.115510,4.000000,8.224868,212.408081
point,1524487367000,48.205815,16.379147,217.470722,4.000000,7.841657,213.484406
point,1524487368000,48.205765,16.379095,217.464463,4.000000,7.159652,213.515900
point,1524487369000,48.205724,16.379053,217.456937,4.000000,6.305123,213.387238
point,1524487370000,48.205689,16.379016,217.581552,4.000000,5.593719,213.308960
point,1524487371000,48.205659,16.378981,217.454504,4.000000,5.015882,215.627716
point,1524487372000,48.205630,16.378948,217.707844,4.000000,4.625882,213.333603
point,1524487373000,48.205602,16.378919,217.828013,4.000000,4.301395,212.864594
point,1524487374000,48.205573,16.378888,217.948161,4.000000,4.240705,212.594574
point,1524487375000,48.205537,16.378850,217.919256,4.000000,5.057596,213.336685
point,1524487376000,48.205486,16.378798,217.403491,4.000000,6.613001,212.992554
point,1524487377000,48.205424,16.378736,217.512504,4.000000,7.706835,212.850266
point,1524487378000,48.205360,16.378663,217.107839,4.000000,8.527224,213.112228
point,1524487379000,48.205288,16.378588,216.944172,4.000000,9.438082,214.274734
point,1524487380000,48.205211,16.378506,216.760326,4.000000,10.231661,216.139374
point,1524487381000,48.205129,16.378413,216.864808,4.000000,11.119314,215.993011
point,1524487382000,48.205040,16.378317,216.903697,4.000000,11.567945,214.527603
point,1524487383000,48.204947,16.378224,217.257025,4.000000,11.979489,213.615021
point,1524487384000,48.204852,16.378130,217.327163,4.000000,12.365393,213.616333
point,1524487385000,48.204757,16.378034,216.906438,4.000000,12.509918,213.606537
point,1524487386000,48.204662,16.377935,217.165752,4.000000,12.783604,213.675308
point,1524487387000,48.204565,16.377834,217.082320,4.000000,12.898375,213.821442
point,1524487388000,48.204468,16.377734,217.810464,4.000000,12.911390,214.527252
point,1524487389000,48.204374,16.377631,218.196741,4.000000,12.816205,215.127731
point,1524487390000,48.204281,16.377531,218.011805,4.000000,12.653170,213.624222
point,1524487391000,48.204188,16.377437,217.789881,4.000000,12.421901,213.472610
point,1524487392000,48.204098,16.377345,218.170385,4.000000,12.216379,213.550842
point,1524487393000,48.204009,16.377255,218.452677,4.000000,11.983984,214.072632
point,1524487394000,48.203922,16.377164,217.786634,4.000000,11.870165,214.321396
point,1524487395000,48.203838,16.377076,218.165786,4.000000,11.474051,214.630981
point,1524487396000,48.203761,16.376996,218.741811,4.000000,10.756659,215.233627
point,1524487397000,48.203690,16.376919,218.684374,4.000000,10.250029,215.588699
point,1524487398000,48.203621,16.376845,218.533347,4.000000,9.800591,213.912170
point,1524487399000,48.203555,16.376777,218.572473,4.000000,9.228739,213.875076
point,1524487400000,48.203493,16.376713,218.505587,4.000000,8.668362,213.937012
point,1524487401000,48.203435,16.376656,218.725486,6.000000,8.104596,213.459442
point,1524487402000,48.203376,16.376598,218.704893,6.000000,8.072064,213.217499
point,1524487403000,48.203311,16.376535,219.071482,6.000000,8.555890,213.216766
point,1524487404000,48.203240,16.376466,219.221387,6.000000,9.345443,213.064468
point,1524487405000,48.203162,16.376388,219.233746,4.000000,10.201790,212.867325
point,1524487406000,48.203082,16.376307,219.141429,4.000000,10.406966,213.361816
point,1524487407000,48.203004,16.376225,219.078172,4.000000,10.630880,214.027527
point,1524487408000,48.202923,16.376139,218.855556,4.000000,10.792075,214.403595
point,1524487409000,48.202841,16.376053,218.622222,6.000000,10.852588,214.395599
point,1524487410000,48.202760,16.375967,218.660286,6.000000,10.824443,214.595093
point,1524487411000,48.202679,16.375882,219.141854,6.000000,10.754548,214.422928
point,1524487412000,48.202600,16.375798,219.346531,6.000000,10.649796,213.811539
point,1524487413000,48.202523,16.375720,219.501479,6.000000,10.378412,213.888672
point,1524487414000,48.202450,16.375645,219.779019,6.000000,10.073082,213.037354
point,1524487415000,48.202381,16.375576,220.040085,6.000000,9.457334,213.182098
point,1524487416000,48.202322,16.375516,220.373275,6.000000,8.499076,213.177277
point,1524487417000,48.202269,16.375462,220.719184,6.000000,7.784874,213.192596
point,1524487418000,48.202222,16.375410,220.604591,6.000000,6.924256,213.544052
point,1524487419000,48.202182,16.375366,220.881513,6.000000,6.163237,213.753876
point,1524487420000,48.202147,16.375330,221.241793,6.000000,5.359021,213.825653
point,1524487421000,48.202118,16.375303,221.784450,4.000000,4.526798,213.597000
point,1524487422000,48.202095,16.375284,222.193334,4.000000,3.628569,213.249008
point,1524487423000,48.202079,16.375268,222.358980,4.000000,3.039470,213.296997
point,1524487424000,48.202069,16.375258,222.431562,4.000000,2.191806,213.358109
point,1524487433000,48.202058,16.375244,221.653860,6.000000,1.594907,211.231216
point,1524487434000,48.202023,16.375219,221.468535,6.000000,3.927483,211.688904
point,1524487435000,48.201976,16.375178,221.557164,6.000000,5.488388,211.624023
point,1524487436000,48.201924,16.375131,220.876444,6.000000,6.163799,213.812439
point,1524487437000,48.201874,16.375080,220.606475,6.000000,6.819884,219.279938
point,1524487438000,48.201821,16.375006,220.365072,6.000000,7.815134,226.189713
point,1524487439000,48.201770,16.374907,219.663931,6.000000,8.704830,237.911224
point,1524487440000,48.201725,16.374785,219.662550,6.000000,9.829549,245.590057
point,1524487441000,48.201688,16.374652,219.489561,6.000000,10.278893,245.963501
point,1524487442000,48.201659,16.374495,219.693137,6.000000,10.862630,247.973816
point,1524487443000,48.201626,16.374344,219.048994,6.000000,10.990900,247.432037
point,1524487444000,48.201594,16.374197,219.320855,6.000000,11.112733,247.936768
point,1524487445000,48.201562,16.374051,219.353302,6.000000,11.071112,248.051575
point,1524487446000,48.201528,16.373910,219.119455,4.000000,11.036210,249.064789
point,1524487447000,48.201500,16.373767,218.901063,4.000000,10.947520,251.775192
point,1524487448000,48.201480,16.373621,219.024110,6.000000,10.811315,261.193756
point,1524487449000,48.201468,16.373476,219.103211,8.000000,10.748383,280.466339
point,1524487450000,48.201489,16.373329,219.999109,6.000000,10.703325,286.315033
point,1524487451000,48.201517,16.373179,222.185015,6.000000,11.215247,286.340790
point,1524487452000,48.201547,16.373024,222.007843,6.000000,11.432056,286.060577
point,1524487453000,48.201575,16.372871,221.277497,6.000000,11.647739,283.181885
point,1524487454000,48.201599,16.372714,221.619321,6.000000,11.832603,283.252411
point,1524487455000,48.201624,16.372558,221.690911,6.000000,11.745528,283.026764
point,1524487456000,48.201648,16.372407,221.299333,6.000000,11.505188,282.528137
point,1524487457000,48.201671,16.372260,220.832609,6.000000,11.370864,284.917084
point,1524487458000,48.201700,16.372110,220.834940,6.000000,11.467723,288.223236
point,1524487459000,48.201735,16.371957,221.440366,6.000000,11.863147,289.282227
point,1524487460000,48.201775,16.371793,222.195752,6.000000,12.650868,288.841797
point,1524487461000,48.201815,16.371622,221.799050,6.000000,12.869764,288.848267
point,1524487462000,48.201852,16.371455,222.107431,6.000000,12.700532,288.513367
point,1524487463000,48.201890,16.371293,221.920567,6.000000,12.444119,288.553131
point,1524487464000,48.201926,16.371136,221.815311,6.000000,12.183073,289.594208
point,1524487465000,48.201954,16.370981,222.163156,6.000000,11.795038,288.698914
point,1524487466000,48.201982,16.370837,222.225807,6.000000,11.205896,286.554413
point,1524487467000,48.202007,16.370701,222.317913,6.000000,10.700220,288.609100
point,1524487468000,48.202034,16.370571,222.568373,6.000000,10.333524,289.915863
point,1524487469000,48.202058,16.370442,222.575782,6.000000,9.999511,288.200745
point,1524487470000,48.202083,16.370319,222.760472,6.000000,9.631138,288.055359
point,1524487471000,48.202107,16.370195,222.837578,6.000000,9.668913,288.619720
point,1524487472000,48.202137,16.370063,223.279254,6.000000,10.242047,288.689240
point,1524487473000,48.202167,16.369925,223.075265,6.000000,10.370275,288.165741
point,1524487474000,48.202198,16.369791,223.301981,4.000000,10.307280,289.315887
point,1524487475000,48.202228,16.369660,223.665011,4.000000,10.130422,288.407410
point,1524487476000,48.202258,16.369532,223.904510,4.000000,10.131028,288.062286
point,1524487477000,48.202290,16.369395,223.837214,4.000000,10.727799,287.963318
point,1524487478000,48.202324,16.369247,224.074495,4.000000,11.382979,287.606720
point,1524487479000,48.202363,16.369099,224.265790,4.000000,11.513682,288.744202
point,1524487480000,48.202396,16.368955,224.208336,4.000000,11.175527,287.399353
point,1524487481000,48.202424,16.368826,223.694115,4.000000,10.360277,286.944580
point,1524487482000,48.202447,16.368713,222.972676,4.000000,9.291313,287.785706
point,1524487483000,48.202466,16.368621,222.504279,4.000000,7.933571,288.176483
point,1524487484000,48.202480,16.368552,222.359621,4.000000,6.369963,288.124878
point,1524487485000,48.202488,16.368509,222.898764,4.000000,4.589103,288.030304
point,1524487486000,48.202490,16.368488,223.503760,6.000000,3.016244,287.797974
point,1524487544000,48.202501,16.368471,226.053006,6.000000,2.158470,299.729095
point,1524487545000,48.202525,16.368429,225.826836,8.000000,3.104499,299.141113
point,1524487546000,48.202552,16.368384,225.694878,8.000000,3.978663,300.001129
point,1524487547000,48.202580,16.368329,225.792970,8.000000,4.673518,298.555328
point,1524487548000,48.202603,16.368266,225.609774,8.000000,5.038081,297.280701
point,1524487549000,48.202623,16.368200,225.784634,6.000000,5.087823,297.944794
point,1524487550000,48.202637,16.368141,225.883355,6.000000,4.521285,292.319000
point,1524487551000,48.202642,16.368092,225.223076,6.000000,3.771234,272.488251
point,1524487552000,48.202633,16.368046,225.294806,6.000000,3.198795,255.242203
point,1524487553000,48.202624,16.368009,225.172305,4.000000,2.765846,231.556396
point,1524487554000,48.202606,16.367979,225.394406,4.000000,2.448833,216.348068
point,1524487555000,48.202585,16.367959,225.506602,4.000000,2.554503,206.273758
point,1524487556000,48.202562,16.367942,225.201833,4.000000,2.562322,201.214935
point,1524487557000,48.202533,16.367924,224.922497,4.000000,3.109812,200.299881
point,1524487558000,48.202499,16.367906,225.030099,4.000000,3.694781,200.388535
point,1524487559000,48.202453,16.367877,224.701173,4.000000,4.880826,202.028381
point,1524487560000,48.202397,16.367839,224.235433,4.000000,6.039504,202.798050
point,1524487561000,48.202329,16.367798,222.992671,4.000000,7.492721,202.611847
point,1524487562000,48.202250,16.367752,223.476330,4.000000,8.693447,198.192963
point,1524487563000,48.202166,16.367713,223.146322,6.000000,9.177255,195.421677
point,1524487564000,48.202079,16.367682,223.170947,6.000000,9.470909,194.229828
point,1524487565000,48.201992,16.367649,223.052922,6.000000,9.911053,193.859741
point,1524487566000,48.201901,16.367615,223.160265,6.000000,10.203818,193.910507
point,1524487567000,48.201810,16.367584,223.165305,8.000000,10.237565,194.242035
point,1524487568000,48.201719,16.367552,222.705554,8.000000,10.181357,194.699234
point,1524487569000,48.201631,16.367519,222.472627,8.000000,10.033799,197.191406
point,1524487570000,48.201543,16.367480,222.262705,6.000000,10.054266,196.383850
point,1524487571000,48.201452,16.367444,222.159492,6.000000,10.256971,193.499527
point,1524487572000,48.201357,16.367407,222.362327,6.000000,10.620639,193.442657
point,1524487573000,48.201259,16.367369,222.657922,6.000000,10.785673,194.105270
point,1524487574000,48.201163,16.367328,222.731905,6.000000,10.831318,200.848251
point,1524487575000,48.201071,16.367262,222.441379,6.000000,10.559766,200.967239
point,1524487576000,48.200987,16.367199,222.588090,6.000000,9.905890,203.752487
point,1524487577000,48.200911,16.367124,222.053429,6.000000,9.578222,202.918716
point,1524487578000,48.200835,16.367068,222.103259,6.000000,9.687704,204.279602
point,1524487579000,48.200756,16.367004,221.820416,6.000000,10.196161,209.655655
point,1524487580000,48.200674,16.366924,221.977733,6.000000,10.560590,214.342255
point,1524487581000,48.200600,16.366834,222.040405,6.000000,10.476556,216.211243
point,1524487582000,48.200526,16.366729,222.149079,8.000000,10.386438,216.232544
point,1524487583000,48.200458,16.366596,221.718226,8.000000,10.366543,214.993988
point,1524487584000,48.200387,16.366484,223.197718,8.000000,10.200436,217.698349
point,1524487585000,48.200322,16.366386,223.111908,8.000000,9.571852,229.333878
point,1524487586000,48.200281,16.366273,221.912091,8.000000,9.046054,226.947739
point,1524487587000,48.200237,16.366169,221.030102,8.000000,8.759817,222.148987
point,1524487588000,48.200191,16.366068,220.997648,8.000000,8.472762,214.791397
point,1524487589000,48.200146,16.365991,221.399098,8.000000,7.264275,214.803772
point,1524487590000,48.200126,16.365943,221.965688,6.000000,4.681098,214.177094
point,1524487591000,48.200123,16.365917,221.567745,6.000000,2.947440,214.919891
point,1524487635000,48.200132,16.365870,221.183964,4.000000,1.160289,244.516541
point,1524487636000,48.200122,16.365824,221.088843,4.000000,2.966063,224.355286
point,1524487637000,48.200091,16.365770,221.314229,4.000000,4.675045,227.792511
point,1524487638000,48.200051,16.365702,220.884221,4.000000,6.012486,224.858459
point,1524487639000,48.200005,16.365624,220.837148,4.000000,7.224192,223.356781
point,1524487640000,48.199951,16.365537,220.701758,4.000000,8.286661,226.141983
point,1524487641000,48.199894,16.365446,220.162258,4.000000,8.519173,226.415726
point,1524487642000,48.199842,16.365360,220.244324,4.000000,8.354526,227.595734
point,1524487643000,48.199792,16.365273,220.426947,4.000000,8.456653,228.358093
point,1524487644000,48.199739,16.365177,220.548420,6.000000,9.028405,228.356079
point,1524487645000,48.199682,16.365076,220.671343,6.000000,9.416815,228.041092
point,1524487646000,48.199623,16.364973,220.516065,6.000000,9.677910,228.139023
point,1524487647000,48.199565,16.364871,220.062333,6.000000,9.616471,228.638092
point,1524487648000,48.199509,16.364771,220.301189,6.000000,9.544700,229.439575
point,1524487649000,48.199455,16.364670,220.211814,6.000000,9.474120,230.270401
point,1524487650000,48.199401,16.364567,220.055578,6.000000,9.525159,231.158188
point,1524487651000,48.199346,16.364458,219.990599,6.000000,9.960686,230.843735
point,1524487652000,48.199286,16.364344,220.091772,6.000000,10.319517,230.750122
point,1524487653000,48.199222,16.364227,219.883004,6.000000,10.897115,229.974274
point,1524487654000,48.199157,16.364106,219.623496,6.000000,11.079240,230.045441
point,1524487655000,48.199092,16.363987,219.972680,6.000000,11.166360,230.131882
point,1524487656000,48.199027,16.363867,219.870261,6.000000,11.225146,230.764526
point,1524487657000,48.198961,16.363744,220.061226,6.000000,11.437230,230.791077
point,1524487658000,48.198892,16.363617,220.431712,6.000000,11.777106,230.909439
point,1524487659000,48.198823,16.363486,220.422319,6.000000,12.127361,232.388611
point,1524487660000,48.198755,16.363350,220.479500,6.000000,12.244136,233.222855
point,1524487661000,48.198690,16.363215,219.546336,6.000000,12.165735,234.367752
point,1524487662000,48.198626,16.363076,219.900033,6.000000,12.400173,234.657074
point,1524487663000,48.198560,16.362933,220.372105,6.000000,12.636535,234.362259
point,1524487664000,48.198494,16.362789,220.381933,6.000000,12.727551,234.384827
point,1524487665000,48.198426,16.362646,220.446937,6.000000,12.709991,234.314041
point,1524487666000,48.198355,16.362506,220.574684,6.000000,12.750823,234.370132
point,1524487667000,48.198285,16.362364,220.456697,6.000000,12.760860,234.295929
point,1524487668000,48.198215,16.362222,221.002741,6.000000,12.760006,234.307449
point,1524487669000,48.198146,16.362082,220.985479,6.000000,12.659755,234.239777
point,1524487670000,48.198085,16.361940,221.477032,6.000000,12.479625,234.245621
point,1524487671000,48.198022,16.361800,221.422767,4.000000,12.379400,234.235077
point,1524487672000,48.197960,16.361663,221.703953,4.000000,12.329244,234.242493
point,1524487673000,48.197898,16.361526,221.970520,4.000000,12.271468,234.501862
point,1524487674000,48.197836,16.361392,222.179457,4.000000,12.052022,236.159607
point,1524487675000,48.197781,16.361264,222.371344,4.000000,11.524935,238.585098
point,1524487676000,48.197734,16.361144,222.228656,4.000000,10.732224,241.075546
point,1524487677000,48.197695,16.361043,221.652025,4.000000,9.271243,243.121185
point,1524487678000,48.197668,16.360960,221.800956,4.000000,8.033326,245.944702
point,1524487679000,48.197648,16.360895,221.280200,4.000000,6.352010,247.791992
point,1524487680000,48.197637,16.360861,220.885756,4.000000,4.136390,247.639740
point,1524487694000,48.197620,16.360842,221.261545,6.000000,1.458823,256.230438
point,1524487695000,48.197604,16.360789,221.559348,6.000000,4.031888,257.530273
point,1524487696000,48.197587,16.360703,221.139053,6.000000,5.558847,257.955505
point,1524487697000,48.197571,16.360620,221.819042,6.000000,5.685243,257.830627
point,1524487698000,48.197554,16.360535,221.654482,4.000000,6.405487,257.301849
point,1524487699000,48.197534,16.360439,221.622458,4.000000,6.865522,257.211090
point,1524487700000,48.197515,16.360330,222.227753,4.000000,7.896089,255.152786
point,1524487701000,48.197492,16.360205,222.991429,4.000000,8.864253,254.318054
point,1524487702000,48.197467,16.360075,222.925967,4.000000,9.340479,253.737320
point,1524487703000,48.197438,16.359949,222.679424,4.000000,9.578698,253.562256
point,1524487704000,48.197411,16.359827,222.988944,4.000000,9.477045,253.961594
point,1524487705000,48.197385,16.359701,223.090787,4.000000,9.755221,254.230103
point,1524487706000,48.197358,16.359570,222.879518,4.000000,9.954590,254.582703
point,1524487707000,48.197332,16.359438,223.019383,4.000000,9.966139,254.326660
point,1524487708000,48.197306,16.359310,223.702816,4.000000,9.822325,253.275436
point,1524487709000,48.197280,16.359185,224.043584,4.000000,9.631875,253.700989
point,1524487710000,48.197255,16.359062,223.497087,4.000000,9.457987,254.200302
point,1524487711000,48.197232,16.358944,223.226927,4.000000,9.088384,256.382507
point,1524487712000,48.197219,16.358840,223.382536,4.000000,7.850869,259.455597
point,1524487713000,48.197214,16.358774,223.791840,4.000000,5.641847,258.964478
point,1524487714000,48.197212,16.358738,224.204554,4.000000,4.038829,258.206390
point,1524487715000,48.197211,16.358713,222.207042,4.000000,2.728877,269.162323
point,1524487716000,48.197214,16.358695,222.667702,4.000000,2.017006,284.103455
point,1524487717000,48.197221,16.358670,223.347298,4.000000,2.210552,301.467987
point,1524487718000,48.197237,16.358638,223.124790,4.000000,2.499949,312.401581
point,1524487719000,48.197259,16.358609,223.165051,4.000000,2.706724,315.416504
point,1524487720000,48.197284,16.358576,223.146780,6.000000,3.227720,315.847076
point,1524487721000,48.197313,16.358539,223.184318,6.000000,3.773375,316.258362
point,1524487722000,48.197347,16.358494,224.104467,6.000000,4.556905,318.905853
point,1524487723000,48.197391,16.358437,224.630399,6.000000,5.901332,317.255066
point,1524487724000,48.197442,16.358369,225.412392,8.000000,6.890125,319.124298
point,1524487725000,48.197498,16.358298,224.633326,8.000000,7.422606,320.132538
point,1524487726000,48.197554,16.358229,223.760234,8.000000,7.625049,320.885925
point,1524487727000,48.197606,16.358169,222.403356,12.000000,7.087250,321.339081
point,1524487728000,48.197651,16.358114,222.080795,6.000000,6.892745,319.857574
point,1524487729000,48.197703,16.358051,222.614813,6.000000,7.121939,319.730072
point,1524487730000,48.197761,16.357984,222.754215,8.000000,7.425705,320.435394
point,1524487731000,48.197818,16.357916,222.312806,8.000000,7.407736,320.997437
point,1524487732000,48.197875,16.357852,222.730479,8.000000,7.230434,320.730377
point,1524487733000,48.197927,16.357794,223.815481,8.000000,6.889461,319.846283
point,1524487734000,48.197975,16.357738,224.316814,8.000000,6.636713,320.593536
point,1524487735000,48.198020,16.357687,224.472345,8.000000,6.411494,318.614227
point,1524487736000,48.198061,16.357636,224.436306,8.000000,5.771948,317.182251
point,1524487737000,48.198096,16.357590,224.211535,8.000000,5.187440,318.935089
point,1524487738000,48.198143,16.357571,224.738924,12.000000,4.299537,319.903229
point,1524487739000,48.198176,16.357560,224.711085,12.000000,3.417529,320.121307
point,1524487740000,48.198195,16.357538,224.394104,8.000000,3.053751,318.601746
point,1524487741000,48.198213,16.357516,225.681353,8.000000,2.792318,318.815308
point,1524487742000,48.198234,16.357488,227.132030,8.000000,2.635878,317.338226
point,1524487743000,48.198258,16.357461,225.792395,8.000000,2.417777,318.365204
point,1524487744000,48.198273,16.357437,226.102864,8.000000,1.885630,316.306671
point,1524487789000,48.198336,16.357382,227.940202,8.000000,0.802522,310.088287
point,1524487790000,48.198348,16.357364,228.454581,8.000000,1.604315,308.379150
point,1524487791000,48.198368,16.357341,227.740908,8.000000,2.365193,297.737976
point,1524487792000,48.198393,16.357314,227.948401,8.000000,2.867828,275.958923
point,1524487793000,48.198408,16.357285,227.602399,8.000000,3.075443,255.970688
point,1524487794000,48.198407,16.357245,227.611661,8.000000,3.244348,238.914383
point,1524487795000,48.198386,16.357184,228.904309,8.000000,5.285835,233.584351
point,1524487796000,48.198349,16.357100,230.570835,8.000000,7.354752,230.166885
point,1524487797000,48.198307,16.357010,229.623087,8.000000,7.721890,233.587173
point,1524487798000,48.198268,16.356921,229.498268,8.000000,7.784402,238.996872
point,1524487799000,48.198237,16.356831,229.339699,8.000000,7.546769,229.206207
point,1524487800000,48.198202,16.356756,229.539252,8.000000,7.279167,233.245468
point,1524487801000,48.198173,16.356684,229.219292,8.000000,6.811651,233.909943
point,1524487802000,48.198150,16.356609,229.480957,8.000000,6.714711,237.743073
point,1524487803000,48.198126,16.356525,229.305002,8.000000,6.828547,239.726852
point,1524487804000,48.198097,16.356432,228.866058,8.000000,7.361369,243.296722
point,1524487805000,48.198071,16.356323,229.866501,12.000000,7.943459,245.812607
point,1524487806000,48.198043,16.356210,229.894421,12.000000,8.023506,246.444946
point,1524487807000,48.198015,16.356108,229.491086,8.000000,7.641851,245.798996
point,1524487808000,48.197991,16.356016,229.770539,8.000000,7.378378,246.453583
point,1524487809000,48.197966,16.355911,230.658329,8.000000,7.826068,247.225998
point,1524487810000,48.197943,16.355790,232.466260,8.000000,8.080140,247.053223
point,1524487811000,48.197922,16.355673,232.892153,12.000000,7.737871,246.942078
point,1524487812000,48.197905,16.355572,233.052667,12.000000,7.147713,246.964340
point,1524487813000,48.197888,16.355475,233.352515,12.000000,7.053149,247.120285
point,1524487814000,48.197868,16.355377,233.733816,12.000000,6.906331,253.451187
point,1524487815000,48.197855,16.355280,234.006973,8.000000,6.764898,254.765732
point,1524487816000,48.197842,16.355182,234.903062,8.000000,6.728397,251.451126
point,1524487817000,48.197828,16.355080,235.897758,8.000000,6.671411,248.315628
point,1524487818000,48.197817,16.354980,234.946659,8.000000,6.574372,246.673676
point,1524487819000,48.197801,16.354888,235.753192,8.000000,6.362409,245.167068
point,1524487820000,48.197787,16.354804,236.081749,8.000000,5.546800,245.693329
point,1524487821000,48.197778,16.354746,235.500062,8.000000,4.375624,246.044205
point,1524487822000,48.197772,16.354704,236.424057,8.000000,3.144158,244.996704
point,1524487823000,48.197767,16.354681,235.565475,6.000000,2.141178,245.064514
point,1524487824000,48.197767,16.354665,235.832652,6.000000,1.368270,245.118546
point,1524487841000,48.197770,16.354613,235.816894,8.000000,0.963988,245.958939
point,1524487842000,48.197768,16.354572,235.702439,8.000000,1.903946,245.601440
point,1524487843000,48.197761,16.354526,235.861958,8.000000,2.287691,246.045700
point,1524487844000,48.197756,16.354484,235.695268,8.000000,2.191564,249.069977
point,1524487845000,48.197753,16.354453,235.458152,8.000000,2.204698,256.030365
point,1524487846000,48.197752,16.354415,235.766503,8.000000,2.598702,267.905914
point,1524487847000,48.197758,16.354373,235.753460,8.000000,2.606211,287.998596
point,1524487848000,48.197772,16.354335,237.250933,8.000000,2.634656,310.994659
point,1524487849000,48.197788,16.354311,237.521962,8.000000,2.346997,337.937866
point,1524487850000,48.197807,16.354302,237.333565,8.000000,1.950823,357.602509
point,1524487851000,48.197828,16.354300,237.174499,6.000000,2.045008,18.626053
point,1524487852000,48.197855,16.354310,236.702833,6.000000,2.239451,41.105824
point,1524487853000,48.197879,16.354336,236.957228,6.000000,2.730197,66.104034
point,1524487854000,48.197894,16.354380,237.522689,6.000000,3.154392,71.175835
point,1524487855000,48.197908,16.354430,237.245845,6.000000,3.519756,71.077019
point,1524487856000,48.197920,16.354476,236.868123,6.000000,3.254390,71.014122
point,1524487857000,48.197926,16.354513,237.992032,6.000000,2.990636,70.476547
point,1524487858000,48.197935,16.354557,237.294488,6.000000,3.287799,70.655296
point,1524487859000,48.197950,16.354607,238.066068,6.000000,3.389283,67.129471
point,1524487860000,48.197964,16.354653,237.966316,6.000000,3.092368,67.191017
point,1524487861000,48.197977,16.354698,236.857658,6.000000,3.194565,66.828873
point,1524487862000,48.197991,16.354746,236.732858,6.000000,3.198862,63.652275
point,1524487863000,48.198007,16.354793,238.397278,8.000000,3.457338,64.350174
point,1524487864000,48.198019,16.354841,237.730781,8.000000,3.462320,64.786736
point,1524487865000,48.198039,16.354891,237.220379,8.000000,3.399465,63.800987
point,1524487866000,48.198053,16.354937,236.689511,8.000000,3.326411,61.853809
point,1524487867000,48.198072,16.354984,236.439121,8.000000,3.404432,61.122044
point,1524487868000,48.198095,16.355036,236.325554,8.000000,3.634329,60.235405
point,1524487869000,48.198119,16.355092,236.207318,8.000000,3.907907,54.903286
point,1524487870000,48.198142,16.355141,235.798792,6.000000,3.771753,49.721733
point,1524487871000,48.198169,16.355186,234.989465,6.000000,3.940814,39.056519
point,1524487872000,48.198202,16.355227,235.324340,6.000000,3.945280,40.645618
point,1524487873000,48.198236,16.355261,235.530505,6.000000,3.868331,38.776775
point,1524487874000,48.198271,16.355294,235.755269,6.000000,3.961379,38.215858
point,1524487875000,48.198304,16.355336,235.471574,6.000000,4.125850,41.849716
point,1524487876000,48.198336,16.355379,235.491557,6.000000,4.207471,37.241627
point,1524487877000,48.198369,16.355414,235.991614,6.000000,4.176342,35.487446
point,1524487878000,48.198399,16.355445,236.703794,6.000000,3.712616,35.426785
point,1524487879000,48.198413,16.355460,236.475639,6.000000,2.331123,36.155991
point,1524487883000,48.198428,16.355492,236.716681,8.000000,1.114783,29.092478
point,1524487884000,48.198453,16.355521,237.959891,8.000000,2.206859,31.633219
point,1524487885000,48.198484,16.355555,238.583303,8.000000,3.143578,26.721258
point,1524487886000,48.198522,16.355587,238.234672,6.000000,4.039880,27.867931
point,1524487887000,48.198567,16.355627,238.280666,6.000000,4.703838,29.150555
point,1524487888000,48.198613,16.355670,238.790586,6.000000,5.050214,32.172207
point,1524487889000,48.198661,16.355714,239.524667,6.000000,5.492651,32.498650
point,1524487890000,48.198716,16.355759,238.945908,6.000000,6.418167,32.480457
point,1524487891000,48.198776,16.355811,238.683090,6.000000,6.879395,33.445042
point,1524487892000,48.198835,16.355870,238.716115,6.000000,6.681406,33.682213
point,1524487893000,48.198885,16.355924,238.368833,6.000000,6.178124,34.864239
point,1524487894000,48.198927,16.355974,238.345958,6.000000,5.648887,34.542099
point,1524487895000,48.198967,16.356018,238.312552,6.000000,5.184871,33.577896
point,1524487896000,48.199003,16.356059,238.226494,8.000000,4.833196,33.552258
point,1524487897000,48.199033,16.356114,238.214543,8.000000,4.624430,33.974014
point,1524487898000,48.199067,16.356155,238.707564,8.000000,4.468564,35.334839
point,1524487899000,48.199101,16.356197,238.791508,8.000000,4.408911,37.290741
point,1524487900000,48.199132,16.356237,239.213944,8.000000,4.198648,36.352154
point,1524487901000,48.199158,16.356281,238.924679,8.000000,3.982855,36.641922
point,1524487902000,48.199182,16.356323,238.838885,6.000000,3.767729,36.562668
point,1524487903000,48.199204,16.356366,239.305009,6.000000,3.778703,37.858139
point,1524487904000,48.199229,16.356409,239.110896,8.000000,3.770934,38.624004
point,1524487905000,48.199255,16.356454,238.605681,8.000000,4.016343,39.068489
point,1524487906000,48.199283,16.356500,238.437802,8.000000,4.092607,40.282116
point,1524487907000,48.199308,16.356546,238.166749,8.000000,3.942308,38.999313
point,1524487908000,48.199330,16.356582,238.128729,8.000000,3.259110,35.447041
point,1524487909000,48.199342,16.356608,238.299405,8.000000,2.366726,32.013741
point,1524487934000,48.199339,16.356690,238.881104,6.000000,0.000000,32.013741
end,1524487956367,map_ui
